threshold,tar,far
-0.08015847,1.00000000,1.00000000
-0.05533393,1.00000000,0.99966667
-0.03414240,1.00000000,0.99933333
-0.01590619,1.00000000,0.99900000
0.01761748,1.00000000,0.99866667
0.04505002,1.00000000,0.99833333
0.04669920,0.99966667,0.99833333
0.07164189,0.99966667,0.99800000
0.09918378,0.99933333,0.99800000
0.10918988,0.99933333,0.99766667
0.11072873,0.99933333,0.99733333
0.11402602,0.99933333,0.99700000
0.12278639,0.99900000,0.99700000
0.12931709,0.99866667,0.99700000
0.13634074,0.99866667,0.99666667
0.13701989,0.99866667,0.99633333
0.14355358,0.99866667,0.99600000
0.14516863,0.99866667,0.99566667
0.14757806,0.99866667,0.99533333
0.15832047,0.99866667,0.99500000
0.16553131,0.99833333,0.99500000
0.16665974,0.99833333,0.99466667
0.18093520,0.99833333,0.99433333
0.18591619,0.99800000,0.99433333
0.19665156,0.99800000,0.99400000
0.20138110,0.99800000,0.99366667
0.20394832,0.99766667,0.99366667
0.20627929,0.99766667,0.99333333
0.20670983,0.99766667,0.99300000
0.20938197,0.99766667,0.99266667
0.21662450,0.99766667,0.99233333
0.23676702,0.99766667,0.99200000
0.23736000,0.99766667,0.99166667
0.24069175,0.99733333,0.99166667
0.24227241,0.99733333,0.99133333
0.24317853,0.99733333,0.99100000
0.24473280,0.99700000,0.99100000
0.24533620,0.99700000,0.99066667
0.24588281,0.99700000,0.99033333
0.24889088,0.99666667,0.99033333
0.25026894,0.99666667,0.99000000
0.25174081,0.99666667,0.98966667
0.25236708,0.99633333,0.98966667
0.25400794,0.99633333,0.98933333
0.25686258,0.99633333,0.98900000
0.25700349,0.99633333,0.98866667
0.25754076,0.99633333,0.98833333
0.26052678,0.99633333,0.98800000
0.26066858,0.99633333,0.98766667
0.26146024,0.99600000,0.98766667
0.26349270,0.99600000,0.98733333
0.26357174,0.99600000,0.98700000
0.26362112,0.99600000,0.98666667
0.26730251,0.99600000,0.98633333
0.26999933,0.99600000,0.98600000
0.27310893,0.99566667,0.98600000
0.27315727,0.99566667,0.98566667
0.27827016,0.99566667,0.98533333
0.28203589,0.99566667,0.98500000
0.28386682,0.99566667,0.98466667
0.28758711,0.99566667,0.98433333
0.28923604,0.99566667,0.98400000
0.29012528,0.99533333,0.98400000
0.29097152,0.99533333,0.98366667
0.29288802,0.99533333,0.98333333
0.29505792,0.99533333,0.98300000
0.29965806,0.99533333,0.98266667
0.30206916,0.99533333,0.98233333
0.30383396,0.99533333,0.98200000
0.30473694,0.99533333,0.98166667
0.31726140,0.99533333,0.98133333
0.31896073,0.99533333,0.98100000
0.31899184,0.99533333,0.98066667
0.31996799,0.99533333,0.98033333
0.32309058,0.99500000,0.98033333
0.32356203,0.99466667,0.98033333
0.32793733,0.99466667,0.98000000
0.32863745,0.99433333,0.98000000
0.33111835,0.99400000,0.98000000
0.33113813,0.99400000,0.97966667
0.33290225,0.99400000,0.97933333
0.33344275,0.99400000,0.97900000
0.33368504,0.99400000,0.97866667
0.33571875,0.99400000,0.97833333
0.34045655,0.99400000,0.97800000
0.34165102,0.99400000,0.97766667
0.34166265,0.99400000,0.97733333
0.34287345,0.99400000,0.97700000
0.34590200,0.99400000,0.97666667
0.34594294,0.99400000,0.97633333
0.34616646,0.99400000,0.97600000
0.34640467,0.99400000,0.97566667
0.34780020,0.99400000,0.97533333
0.34961796,0.99400000,0.97500000
0.35029298,0.99400000,0.97466667
0.35035476,0.99400000,0.97433333
0.35069180,0.99400000,0.97400000
0.35237792,0.99366667,0.97400000
0.35451746,0.99333333,0.97400000
0.35859674,0.99333333,0.97366667
0.36022824,0.99333333,0.97333333
0.36024752,0.99333333,0.97300000
0.36249548,0.99300000,0.97300000
0.36630690,0.99300000,0.97266667
0.36763385,0.99300000,0.97233333
0.36937219,0.99300000,0.97200000
0.36949772,0.99300000,0.97166667
0.36982083,0.99300000,0.97133333
0.37018943,0.99300000,0.97100000
0.37050441,0.99300000,0.97066667
0.37135845,0.99300000,0.97033333
0.37226081,0.99300000,0.97000000
0.37295842,0.99300000,0.96966667
0.37390536,0.99266667,0.96966667
0.37530839,0.99266667,0.96933333
0.37575561,0.99266667,0.96900000
0.37580675,0.99266667,0.96866667
0.37765378,0.99266667,0.96833333
0.38003281,0.99266667,0.96800000
0.38059255,0.99266667,0.96766667
0.38229504,0.99233333,0.96766667
0.38237357,0.99233333,0.96733333
0.38292474,0.99233333,0.96700000
0.38492641,0.99200000,0.96700000
0.38685316,0.99200000,0.96666667
0.38695312,0.99200000,0.96633333
0.38699496,0.99200000,0.96600000
0.38714743,0.99166667,0.96600000
0.38720396,0.99166667,0.96566667
0.38909882,0.99166667,0.96533333
0.39019042,0.99133333,0.96533333
0.39327431,0.99100000,0.96533333
0.39348140,0.99100000,0.96500000
0.39395493,0.99100000,0.96466667
0.39445609,0.99100000,0.96433333
0.39536491,0.99066667,0.96433333
0.39583474,0.99033333,0.96433333
0.39733440,0.99033333,0.96400000
0.40055725,0.99033333,0.96366667
0.40117484,0.99033333,0.96333333
0.40182972,0.99033333,0.96300000
0.40234274,0.99033333,0.96266667
0.40400046,0.99033333,0.96233333
0.40456206,0.99033333,0.96200000
0.40479112,0.99033333,0.96166667
0.40712336,0.99033333,0.96133333
0.40781820,0.99033333,0.96100000
0.40798563,0.99033333,0.96066667
0.40902075,0.99033333,0.96033333
0.41024870,0.99033333,0.96000000
0.41110188,0.99033333,0.95966667
0.41155243,0.99033333,0.95933333
0.41210908,0.99000000,0.95933333
0.41273719,0.98966667,0.95933333
0.41308194,0.98933333,0.95933333
0.41378391,0.98933333,0.95900000
0.41397721,0.98933333,0.95866667
0.41485852,0.98933333,0.95833333
0.41735339,0.98900000,0.95833333
0.41833794,0.98900000,0.95800000
0.41872615,0.98900000,0.95766667
0.42068836,0.98866667,0.95766667
0.42173415,0.98866667,0.95733333
0.42213327,0.98866667,0.95700000
0.42366290,0.98866667,0.95666667
0.42382154,0.98866667,0.95633333
0.42383730,0.98866667,0.95600000
0.42830139,0.98833333,0.95600000
0.42830667,0.98833333,0.95566667
0.42918855,0.98833333,0.95533333
0.43006560,0.98833333,0.95500000
0.43027991,0.98833333,0.95466667
0.43165502,0.98833333,0.95433333
0.43194121,0.98833333,0.95400000
0.43565202,0.98800000,0.95400000
0.43587634,0.98800000,0.95366667
0.43628451,0.98766667,0.95366667
0.43790337,0.98766667,0.95333333
0.43829879,0.98733333,0.95333333
0.43855187,0.98733333,0.95300000
0.43859139,0.98733333,0.95266667
0.43910444,0.98733333,0.95233333
0.43988475,0.98733333,0.95200000
0.44057119,0.98700000,0.95200000
0.44115192,0.98666667,0.95200000
0.44131646,0.98666667,0.95166667
0.44174471,0.98666667,0.95133333
0.44306257,0.98666667,0.95100000
0.44328412,0.98633333,0.95100000
0.44336268,0.98633333,0.95066667
0.44354814,0.98633333,0.95033333
0.44496512,0.98633333,0.95000000
0.44545987,0.98633333,0.94966667
0.44551560,0.98633333,0.94933333
0.44585374,0.98600000,0.94933333
0.44690952,0.98566667,0.94933333
0.44943288,0.98533333,0.94933333
0.44985375,0.98533333,0.94900000
0.45312452,0.98533333,0.94866667
0.45322272,0.98500000,0.94866667
0.45420983,0.98500000,0.94833333
0.45461494,0.98500000,0.94800000
0.45467630,0.98466667,0.94800000
0.45535386,0.98433333,0.94800000
0.45861909,0.98433333,0.94766667
0.45887950,0.98433333,0.94733333
0.45906430,0.98433333,0.94700000
0.45912892,0.98433333,0.94666667
0.45944580,0.98400000,0.94666667
0.46003619,0.98400000,0.94633333
0.46039096,0.98400000,0.94600000
0.46141347,0.98400000,0.94566667
0.46213868,0.98400000,0.94533333
0.46277893,0.98400000,0.94500000
0.46378404,0.98366667,0.94500000
0.46412417,0.98366667,0.94466667
0.46485418,0.98333333,0.94466667
0.46507725,0.98333333,0.94433333
0.46514094,0.98333333,0.94400000
0.46536583,0.98333333,0.94366667
0.46557406,0.98300000,0.94366667
0.46566340,0.98300000,0.94333333
0.46592006,0.98266667,0.94333333
0.46697301,0.98266667,0.94300000
0.46737289,0.98233333,0.94300000
0.46862438,0.98233333,0.94266667
0.46881449,0.98233333,0.94233333
0.46888754,0.98233333,0.94200000
0.46927708,0.98233333,0.94166667
0.47002470,0.98233333,0.94133333
0.47010231,0.98233333,0.94100000
0.47027642,0.98200000,0.94100000
0.47127298,0.98200000,0.94066667
0.47163734,0.98200000,0.94033333
0.47168157,0.98200000,0.94000000
0.47247663,0.98200000,0.93966667
0.47292238,0.98200000,0.93933333
0.47313792,0.98200000,0.93900000
0.47356421,0.98200000,0.93866667
0.47404808,0.98200000,0.93833333
0.47530276,0.98200000,0.93800000
0.47712380,0.98200000,0.93766667
0.47806317,0.98200000,0.93733333
0.47912121,0.98200000,0.93700000
0.47959694,0.98166667,0.93700000
0.48011476,0.98166667,0.93666667
0.48048341,0.98166667,0.93633333
0.48195916,0.98166667,0.93600000
0.48368469,0.98133333,0.93600000
0.48406267,0.98133333,0.93566667
0.48455694,0.98133333,0.93533333
0.48536319,0.98133333,0.93500000
0.48537195,0.98133333,0.93466667
0.48599115,0.98100000,0.93466667
0.48668265,0.98066667,0.93466667
0.48886371,0.98066667,0.93433333
0.48916620,0.98066667,0.93400000
0.48974723,0.98033333,0.93400000
0.49092129,0.98033333,0.93366667
0.49255815,0.98033333,0.93333333
0.49266967,0.98033333,0.93300000
0.49286744,0.98033333,0.93266667
0.49357629,0.98033333,0.93233333
0.49386877,0.98000000,0.93233333
0.49581093,0.98000000,0.93200000
0.49603724,0.98000000,0.93166667
0.49606013,0.97966667,0.93166667
0.49646005,0.97933333,0.93166667
0.49748969,0.97933333,0.93133333
0.49797028,0.97900000,0.93133333
0.49857399,0.97866667,0.93133333
0.49915349,0.97833333,0.93133333
0.49947730,0.97833333,0.93100000
0.49985909,0.97800000,0.93100000
0.49987531,0.97800000,0.93066667
0.50023377,0.97800000,0.93033333
0.50094581,0.97800000,0.93000000
0.50107378,0.97800000,0.92966667
0.50122607,0.97766667,0.92966667
0.50142705,0.97733333,0.92966667
0.50226140,0.97733333,0.92933333
0.50259203,0.97733333,0.92900000
0.50324845,0.97733333,0.92866667
0.50418448,0.97733333,0.92833333
0.50635123,0.97733333,0.92800000
0.50639129,0.97733333,0.92766667
0.50663114,0.97700000,0.92766667
0.50702429,0.97700000,0.92733333
0.50839567,0.97700000,0.92700000
0.50872421,0.97666667,0.92700000
0.50905955,0.97633333,0.92700000
0.50927842,0.97633333,0.92666667
0.51065606,0.97600000,0.92666667
0.51069170,0.97600000,0.92633333
0.51109171,0.97600000,0.92600000
0.51184320,0.97600000,0.92566667
0.51184893,0.97600000,0.92533333
0.51249284,0.97566667,0.92533333
0.51250279,0.97566667,0.92500000
0.51258957,0.97566667,0.92466667
0.51366568,0.97533333,0.92466667
0.51387239,0.97533333,0.92433333
0.51475948,0.97533333,0.92400000
0.51584250,0.97533333,0.92366667
0.51617390,0.97500000,0.92366667
0.51671761,0.97466667,0.92366667
0.51702428,0.97466667,0.92333333
0.51723731,0.97466667,0.92300000
0.51738656,0.97433333,0.92300000
0.51822102,0.97400000,0.92300000
0.51887959,0.97400000,0.92266667
0.52041316,0.97366667,0.92266667
0.52192843,0.97366667,0.92233333
0.52264917,0.97366667,0.92200000
0.52388513,0.97366667,0.92166667
0.52398378,0.97366667,0.92133333
0.52411604,0.97366667,0.92100000
0.52575028,0.97333333,0.92100000
0.52587807,0.97300000,0.92100000
0.52600515,0.97300000,0.92066667
0.52609217,0.97300000,0.92033333
0.52641702,0.97300000,0.92000000
0.52654326,0.97300000,0.91966667
0.52706248,0.97266667,0.91966667
0.52707165,0.97233333,0.91966667
0.52736139,0.97233333,0.91933333
0.52798688,0.97233333,0.91900000
0.52807033,0.97200000,0.91900000
0.52813387,0.97200000,0.91866667
0.52838612,0.97166667,0.91866667
0.52945095,0.97133333,0.91866667
0.52947903,0.97133333,0.91833333
0.53043234,0.97133333,0.91800000
0.53051651,0.97100000,0.91800000
0.53064793,0.97100000,0.91766667
0.53070122,0.97066667,0.91766667
0.53096038,0.97066667,0.91733333
0.53132975,0.97066667,0.91700000
0.53177488,0.97066667,0.91666667
0.53264207,0.97066667,0.91633333
0.53329849,0.97066667,0.91600000
0.53368711,0.97033333,0.91600000
0.53405333,0.97033333,0.91566667
0.53434277,0.97000000,0.91566667
0.53449422,0.96966667,0.91566667
0.53454036,0.96933333,0.91566667
0.53488946,0.96933333,0.91533333
0.53492057,0.96933333,0.91500000
0.53546679,0.96933333,0.91466667
0.53549731,0.96933333,0.91433333
0.53624374,0.96933333,0.91400000
0.53632826,0.96900000,0.91400000
0.53647685,0.96900000,0.91366667
0.53668410,0.96866667,0.91366667
0.53748357,0.96833333,0.91366667
0.53785914,0.96833333,0.91333333
0.53810668,0.96800000,0.91333333
0.53876710,0.96800000,0.91300000
0.53879440,0.96800000,0.91266667
0.53888297,0.96800000,0.91233333
0.53945374,0.96800000,0.91200000
0.53958189,0.96800000,0.91166667
0.53960878,0.96766667,0.91166667
0.53962672,0.96766667,0.91133333
0.54061294,0.96766667,0.91100000
0.54090989,0.96733333,0.91100000
0.54154700,0.96700000,0.91100000
0.54207832,0.96700000,0.91066667
0.54208636,0.96666667,0.91066667
0.54248369,0.96666667,0.91033333
0.54256052,0.96666667,0.91000000
0.54282498,0.96666667,0.90966667
0.54286075,0.96666667,0.90933333
0.54333597,0.96666667,0.90900000
0.54357290,0.96666667,0.90866667
0.54395097,0.96666667,0.90833333
0.54420918,0.96666667,0.90800000
0.54424071,0.96666667,0.90766667
0.54477799,0.96666667,0.90733333
0.54551387,0.96666667,0.90700000
0.54562831,0.96666667,0.90666667
0.54595608,0.96666667,0.90633333
0.54689336,0.96666667,0.90600000
0.54694945,0.96666667,0.90566667
0.54724371,0.96666667,0.90533333
0.54732734,0.96666667,0.90500000
0.54751635,0.96666667,0.90466667
0.54784262,0.96666667,0.90433333
0.54829341,0.96666667,0.90400000
0.54998076,0.96666667,0.90366667
0.55004722,0.96666667,0.90333333
0.55008078,0.96666667,0.90300000
0.55048913,0.96666667,0.90266667
0.55067611,0.96666667,0.90233333
0.55121028,0.96633333,0.90233333
0.55171335,0.96633333,0.90200000
0.55189669,0.96633333,0.90166667
0.55210757,0.96600000,0.90166667
0.55262566,0.96600000,0.90133333
0.55292583,0.96600000,0.90100000
0.55331933,0.96600000,0.90066667
0.55342734,0.96566667,0.90066667
0.55351055,0.96566667,0.90033333
0.55376005,0.96566667,0.90000000
0.55413663,0.96566667,0.89966667
0.55460036,0.96566667,0.89933333
0.55469126,0.96566667,0.89900000
0.55495882,0.96533333,0.89900000
0.55501795,0.96533333,0.89866667
0.55531681,0.96533333,0.89833333
0.55557406,0.96533333,0.89800000
0.55669463,0.96500000,0.89800000
0.55730230,0.96500000,0.89766667
0.55767429,0.96500000,0.89733333
0.55796301,0.96500000,0.89700000
0.55799448,0.96500000,0.89666667
0.56002223,0.96500000,0.89633333
0.56005907,0.96500000,0.89600000
0.56050873,0.96500000,0.89566667
0.56173569,0.96500000,0.89533333
0.56176841,0.96500000,0.89500000
0.56260633,0.96500000,0.89466667
0.56270981,0.96500000,0.89433333
0.56293690,0.96466667,0.89433333
0.56314600,0.96466667,0.89400000
0.56325775,0.96466667,0.89366667
0.56351006,0.96433333,0.89366667
0.56408149,0.96400000,0.89366667
0.56485856,0.96400000,0.89333333
0.56526017,0.96400000,0.89300000
0.56608295,0.96400000,0.89266667
0.56628746,0.96366667,0.89266667
0.56798196,0.96333333,0.89266667
0.56827521,0.96333333,0.89233333
0.56829178,0.96333333,0.89200000
0.56839085,0.96333333,0.89166667
0.56850088,0.96300000,0.89166667
0.56857061,0.96266667,0.89166667
0.56901240,0.96233333,0.89166667
0.56913102,0.96233333,0.89133333
0.56958479,0.96233333,0.89100000
0.56969362,0.96233333,0.89066667
0.57010841,0.96233333,0.89033333
0.57063061,0.96233333,0.89000000
0.57089067,0.96233333,0.88966667
0.57097971,0.96233333,0.88933333
0.57142907,0.96233333,0.88900000
0.57146484,0.96233333,0.88866667
0.57185322,0.96200000,0.88866667
0.57195187,0.96200000,0.88833333
0.57217419,0.96200000,0.88800000
0.57245624,0.96200000,0.88766667
0.57258290,0.96166667,0.88766667
0.57266653,0.96166667,0.88733333
0.57283247,0.96133333,0.88733333
0.57298619,0.96100000,0.88733333
0.57329547,0.96100000,0.88700000
0.57330978,0.96100000,0.88666667
0.57337224,0.96100000,0.88633333
0.57413965,0.96100000,0.88600000
0.57471645,0.96066667,0.88600000
0.57532722,0.96066667,0.88566667
0.57542920,0.96066667,0.88533333
0.57595217,0.96066667,0.88500000
0.57602978,0.96033333,0.88500000
0.57613492,0.96033333,0.88466667
0.57627326,0.96033333,0.88433333
0.57722640,0.96000000,0.88433333
0.57773405,0.96000000,0.88400000
0.57793796,0.96000000,0.88366667
0.57833409,0.96000000,0.88333333
0.57897651,0.96000000,0.88300000
0.57917690,0.96000000,0.88266667
0.57922542,0.96000000,0.88233333
0.57958037,0.96000000,0.88200000
0.57967997,0.96000000,0.88166667
0.58001339,0.95966667,0.88166667
0.58004236,0.95966667,0.88133333
0.58005345,0.95933333,0.88133333
0.58033097,0.95933333,0.88100000
0.58126342,0.95933333,0.88066667
0.58130991,0.95933333,0.88033333
0.58142042,0.95933333,0.88000000
0.58143973,0.95900000,0.88000000
0.58168238,0.95900000,0.87966667
0.58180189,0.95900000,0.87933333
0.58180737,0.95900000,0.87900000
0.58199126,0.95900000,0.87866667
0.58237314,0.95866667,0.87866667
0.58243763,0.95866667,0.87833333
0.58251214,0.95866667,0.87800000
0.58332396,0.95866667,0.87766667
0.58335632,0.95866667,0.87733333
0.58410442,0.95866667,0.87700000
0.58473206,0.95866667,0.87666667
0.58473909,0.95833333,0.87666667
0.58517420,0.95833333,0.87633333
0.58557105,0.95833333,0.87600000
0.58632052,0.95833333,0.87566667
0.58707738,0.95800000,0.87566667
0.58740395,0.95800000,0.87533333
0.58771211,0.95800000,0.87500000
0.58835626,0.95766667,0.87500000
0.58968210,0.95733333,0.87500000
0.59013420,0.95733333,0.87466667
0.59015828,0.95733333,0.87433333
0.59016430,0.95733333,0.87400000
0.59055978,0.95733333,0.87366667
0.59095854,0.95733333,0.87333333
0.59106445,0.95733333,0.87300000
0.59206653,0.95700000,0.87300000
0.59236985,0.95700000,0.87266667
0.59239089,0.95700000,0.87233333
0.59274668,0.95700000,0.87200000
0.59312880,0.95700000,0.87166667
0.59407514,0.95700000,0.87133333
0.59498239,0.95700000,0.87100000
0.59518206,0.95700000,0.87066667
0.59545797,0.95700000,0.87033333
0.59557390,0.95700000,0.87000000
0.59609121,0.95666667,0.87000000
0.59638840,0.95633333,0.87000000
0.59655666,0.95600000,0.87000000
0.59700251,0.95566667,0.87000000
0.59721875,0.95566667,0.86966667
0.59781462,0.95566667,0.86933333
0.59827578,0.95566667,0.86900000
0.59857666,0.95566667,0.86866667
0.59860659,0.95533333,0.86866667
0.59875703,0.95533333,0.86833333
0.59892762,0.95533333,0.86800000
0.59962118,0.95533333,0.86766667
0.59980452,0.95533333,0.86733333
0.60190266,0.95533333,0.86700000
0.60205436,0.95533333,0.86666667
0.60206664,0.95533333,0.86633333
0.60230637,0.95533333,0.86600000
0.60231435,0.95533333,0.86566667
0.60275227,0.95533333,0.86533333
0.60279405,0.95533333,0.86500000
0.60286653,0.95533333,0.86466667
0.60288930,0.95500000,0.86466667
0.60310626,0.95466667,0.86466667
0.60347325,0.95466667,0.86433333
0.60354322,0.95466667,0.86400000
0.60357761,0.95433333,0.86400000
0.60364580,0.95433333,0.86366667
0.60366243,0.95433333,0.86333333
0.60396576,0.95400000,0.86333333
0.60428751,0.95400000,0.86300000
0.60448444,0.95400000,0.86266667
0.60576773,0.95400000,0.86233333
0.60610831,0.95400000,0.86200000
0.60666978,0.95400000,0.86166667
0.60683143,0.95400000,0.86133333
0.60692048,0.95366667,0.86133333
0.60740089,0.95366667,0.86100000
0.60743666,0.95366667,0.86066667
0.60776484,0.95366667,0.86033333
0.60784793,0.95333333,0.86033333
0.60846668,0.95300000,0.86033333
0.60924113,0.95300000,0.86000000
0.61002064,0.95300000,0.85966667
0.61045647,0.95300000,0.85933333
0.61087894,0.95300000,0.85900000
0.61147702,0.95266667,0.85900000
0.61164522,0.95266667,0.85866667
0.61239183,0.95266667,0.85833333
0.61286879,0.95266667,0.85800000
0.61289275,0.95266667,0.85766667
0.61380231,0.95266667,0.85733333
0.61383820,0.95266667,0.85700000
0.61415398,0.95266667,0.85666667
0.61466062,0.95266667,0.85633333
0.61468518,0.95266667,0.85600000
0.61480808,0.95266667,0.85566667
0.61490542,0.95266667,0.85533333
0.61522824,0.95233333,0.85533333
0.61529887,0.95233333,0.85500000
0.61578441,0.95233333,0.85466667
0.61643058,0.95233333,0.85433333
0.61673164,0.95200000,0.85433333
0.61678565,0.95200000,0.85400000
0.61682737,0.95200000,0.85366667
0.61726975,0.95200000,0.85333333
0.61739254,0.95166667,0.85333333
0.61742318,0.95166667,0.85300000
0.61773217,0.95166667,0.85266667
0.61811709,0.95166667,0.85233333
0.61841828,0.95166667,0.85200000
0.61888909,0.95166667,0.85166667
0.61916155,0.95166667,0.85133333
0.61958641,0.95166667,0.85100000
0.61959517,0.95166667,0.85066667
0.61963052,0.95166667,0.85033333
0.61979932,0.95166667,0.85000000
0.62003034,0.95166667,0.84966667
0.62013179,0.95133333,0.84966667
0.62034875,0.95133333,0.84933333
0.62039518,0.95100000,0.84933333
0.62040508,0.95100000,0.84900000
0.62085134,0.95100000,0.84866667
0.62090272,0.95100000,0.84833333
0.62091917,0.95100000,0.84800000
0.62105298,0.95100000,0.84766667
0.62125516,0.95100000,0.84733333
0.62131876,0.95100000,0.84700000
0.62139368,0.95100000,0.84666667
0.62144530,0.95100000,0.84633333
0.62145132,0.95100000,0.84600000
0.62196994,0.95100000,0.84566667
0.62230766,0.95066667,0.84566667
0.62242281,0.95066667,0.84533333
0.62258977,0.95033333,0.84533333
0.62269390,0.95033333,0.84500000
0.62277544,0.95033333,0.84466667
0.62296146,0.95000000,0.84466667
0.62346435,0.94966667,0.84466667
0.62378877,0.94966667,0.84433333
0.62432730,0.94933333,0.84433333
0.62463701,0.94900000,0.84433333
0.62482798,0.94866667,0.84433333
0.62514615,0.94866667,0.84400000
0.62542862,0.94866667,0.84366667
0.62562639,0.94866667,0.84333333
0.62595642,0.94833333,0.84333333
0.62638021,0.94833333,0.84300000
0.62652135,0.94800000,0.84300000
0.62654877,0.94800000,0.84266667
0.62677932,0.94800000,0.84233333
0.62732559,0.94800000,0.84200000
0.62750661,0.94800000,0.84166667
0.62856299,0.94800000,0.84133333
0.62879759,0.94766667,0.84133333
0.62891042,0.94733333,0.84133333
0.62895989,0.94700000,0.84133333
0.62982011,0.94700000,0.84100000
0.62988394,0.94700000,0.84066667
0.63013983,0.94700000,0.84033333
0.63018477,0.94700000,0.84000000
0.63022357,0.94700000,0.83966667
0.63023692,0.94700000,0.83933333
0.63039315,0.94700000,0.83900000
0.63069522,0.94666667,0.83900000
0.63079870,0.94666667,0.83866667
0.63085783,0.94666667,0.83833333
0.63095450,0.94666667,0.83800000
0.63130641,0.94633333,0.83800000
0.63169229,0.94600000,0.83800000
0.63190442,0.94600000,0.83766667
0.63192010,0.94600000,0.83733333
0.63221353,0.94600000,0.83700000
0.63224316,0.94600000,0.83666667
0.63235807,0.94600000,0.83633333
0.63267398,0.94600000,0.83600000
0.63271713,0.94600000,0.83566667
0.63275909,0.94600000,0.83533333
0.63284266,0.94600000,0.83500000
0.63297498,0.94566667,0.83500000
0.63303494,0.94566667,0.83466667
0.63318682,0.94566667,0.83433333
0.63339162,0.94566667,0.83400000
0.63366562,0.94566667,0.83366667
0.63370836,0.94566667,0.83333333
0.63382232,0.94566667,0.83300000
0.63391775,0.94566667,0.83266667
0.63392377,0.94566667,0.83233333
0.63393605,0.94566667,0.83200000
0.63399053,0.94566667,0.83166667
0.63401067,0.94566667,0.83133333
0.63406074,0.94566667,0.83100000
0.63432574,0.94566667,0.83066667
0.63467437,0.94566667,0.83033333
0.63469523,0.94566667,0.83000000
0.63474143,0.94533333,0.83000000
0.63502061,0.94500000,0.83000000
0.63517845,0.94500000,0.82966667
0.63523346,0.94500000,0.82933333
0.63535535,0.94500000,0.82900000
0.63585711,0.94500000,0.82866667
0.63601387,0.94500000,0.82833333
0.63608754,0.94500000,0.82800000
0.63632500,0.94500000,0.82766667
0.63685048,0.94500000,0.82733333
0.63699204,0.94500000,0.82700000
0.63715339,0.94466667,0.82700000
0.63748389,0.94433333,0.82700000
0.63755196,0.94400000,0.82700000
0.63818002,0.94366667,0.82700000
0.63876045,0.94366667,0.82666667
0.63882279,0.94366667,0.82633333
0.63920760,0.94366667,0.82600000
0.63949406,0.94366667,0.82566667
0.63978511,0.94366667,0.82533333
0.64001834,0.94366667,0.82500000
0.64033806,0.94366667,0.82466667
0.64128649,0.94333333,0.82466667
0.64147353,0.94333333,0.82433333
0.64149725,0.94300000,0.82433333
0.64164156,0.94300000,0.82400000
0.64174926,0.94300000,0.82366667
0.64175427,0.94300000,0.82333333
0.64215922,0.94300000,0.82300000
0.64227790,0.94300000,0.82266667
0.64253718,0.94266667,0.82266667
0.64270931,0.94266667,0.82233333
0.64273149,0.94266667,0.82200000
0.64290047,0.94266667,0.82166667
0.64291179,0.94266667,0.82133333
0.64293551,0.94266667,0.82100000
0.64321083,0.94233333,0.82100000
0.64341450,0.94233333,0.82066667
0.64359844,0.94233333,0.82033333
0.64369392,0.94200000,0.82033333
0.64460671,0.94200000,0.82000000
0.64525795,0.94200000,0.81966667
0.64538443,0.94166667,0.81966667
0.64552832,0.94166667,0.81933333
0.64570230,0.94166667,0.81900000
0.64592057,0.94166667,0.81866667
0.64641815,0.94133333,0.81866667
0.64670348,0.94133333,0.81833333
0.64703131,0.94133333,0.81800000
0.64732111,0.94133333,0.81766667
0.64801866,0.94100000,0.81766667
0.64804524,0.94066667,0.81766667
0.64935583,0.94066667,0.81733333
0.64957982,0.94033333,0.81733333
0.64970422,0.94033333,0.81700000
0.64989871,0.94000000,0.81700000
0.65000165,0.94000000,0.81666667
0.65036017,0.93966667,0.81666667
0.65103322,0.93966667,0.81633333
0.65104091,0.93966667,0.81600000
0.65119565,0.93933333,0.81600000
0.65127325,0.93933333,0.81566667
0.65148365,0.93933333,0.81533333
0.65158713,0.93900000,0.81533333
0.65164745,0.93900000,0.81500000
0.65166438,0.93900000,0.81466667
0.65167904,0.93900000,0.81433333
0.65173197,0.93900000,0.81400000
0.65220934,0.93900000,0.81366667
0.65274972,0.93866667,0.81366667
0.65293264,0.93866667,0.81333333
0.65294635,0.93866667,0.81300000
0.65303814,0.93866667,0.81266667
0.65341663,0.93866667,0.81233333
0.65341908,0.93833333,0.81233333
0.65366226,0.93833333,0.81200000
0.65382552,0.93833333,0.81166667
0.65388083,0.93800000,0.81166667
0.65485245,0.93800000,0.81133333
0.65495253,0.93766667,0.81133333
0.65507507,0.93733333,0.81133333
0.65518486,0.93733333,0.81100000
0.65528411,0.93733333,0.81066667
0.65531796,0.93733333,0.81033333
0.65539086,0.93733333,0.81000000
0.65568197,0.93733333,0.80966667
0.65571344,0.93700000,0.80966667
0.65573215,0.93700000,0.80933333
0.65615976,0.93700000,0.80900000
0.65656626,0.93700000,0.80866667
0.65668178,0.93700000,0.80833333
0.65694696,0.93666667,0.80833333
0.65701640,0.93666667,0.80800000
0.65709287,0.93666667,0.80766667
0.65720212,0.93633333,0.80766667
0.65726066,0.93633333,0.80733333
0.65761739,0.93600000,0.80733333
0.65787196,0.93600000,0.80700000
0.65824735,0.93600000,0.80666667
0.65853059,0.93566667,0.80666667
0.65854710,0.93533333,0.80666667
0.65862477,0.93500000,0.80666667
0.65907276,0.93500000,0.80633333
0.65926862,0.93466667,0.80633333
0.65931946,0.93466667,0.80600000
0.65969384,0.93433333,0.80600000
0.65975344,0.93400000,0.80600000
0.66034073,0.93400000,0.80566667
0.66044420,0.93400000,0.80533333
0.66057622,0.93366667,0.80533333
0.66075552,0.93333333,0.80533333
0.66082346,0.93333333,0.80500000
0.66093040,0.93300000,0.80500000
0.66128230,0.93300000,0.80466667
0.66166735,0.93300000,0.80433333
0.66197044,0.93300000,0.80400000
0.66206586,0.93300000,0.80366667
0.66246074,0.93300000,0.80333333
0.66246837,0.93266667,0.80333333
0.66269624,0.93266667,0.80300000
0.66281164,0.93266667,0.80266667
0.66346836,0.93266667,0.80233333
0.66348296,0.93266667,0.80200000
0.66350758,0.93233333,0.80200000
0.66420853,0.93200000,0.80200000
0.66424608,0.93200000,0.80166667
0.66436267,0.93200000,0.80133333
0.66448337,0.93200000,0.80100000
0.66476935,0.93166667,0.80100000
0.66481477,0.93166667,0.80066667
0.66484004,0.93133333,0.80066667
0.66488266,0.93133333,0.80033333
0.66526705,0.93133333,0.80000000
0.66531408,0.93133333,0.79966667
0.66559732,0.93133333,0.79933333
0.66573524,0.93133333,0.79900000
0.66582924,0.93133333,0.79866667
0.66609561,0.93133333,0.79833333
0.66646606,0.93100000,0.79833333
0.66647303,0.93100000,0.79800000
0.66674280,0.93100000,0.79766667
0.66730201,0.93100000,0.79733333
0.66743279,0.93100000,0.79700000
0.66756189,0.93066667,0.79700000
0.66761374,0.93033333,0.79700000
0.66763270,0.93033333,0.79666667
0.66766483,0.93033333,0.79633333
0.66774487,0.93033333,0.79600000
0.66778243,0.93033333,0.79566667
0.66786313,0.93033333,0.79533333
0.66803765,0.93000000,0.79533333
0.66803861,0.93000000,0.79500000
0.66826332,0.93000000,0.79466667
0.66836858,0.93000000,0.79433333
0.66904438,0.93000000,0.79400000
0.66906345,0.93000000,0.79366667
0.66906691,0.92966667,0.79366667
0.66921318,0.92966667,0.79333333
0.66930866,0.92966667,0.79300000
0.66931736,0.92966667,0.79266667
0.66932905,0.92966667,0.79233333
0.66946733,0.92966667,0.79200000
0.66954911,0.92966667,0.79166667
0.66972530,0.92966667,0.79133333
0.67014325,0.92933333,0.79133333
0.67014337,0.92900000,0.79133333
0.67110062,0.92900000,0.79100000
0.67123455,0.92900000,0.79066667
0.67140114,0.92866667,0.79066667
0.67140538,0.92866667,0.79033333
0.67150497,0.92866667,0.79000000
0.67154646,0.92833333,0.79000000
0.67195547,0.92833333,0.78966667
0.67208970,0.92833333,0.78933333
0.67240816,0.92833333,0.78900000
0.67255175,0.92833333,0.78866667
0.67280215,0.92833333,0.78833333
0.67288244,0.92833333,0.78800000
0.67331469,0.92833333,0.78766667
0.67447531,0.92833333,0.78733333
0.67465138,0.92833333,0.78700000
0.67546463,0.92833333,0.78666667
0.67548990,0.92833333,0.78633333
0.67558986,0.92833333,0.78600000
0.67572927,0.92833333,0.78566667
0.67589575,0.92833333,0.78533333
0.67611903,0.92800000,0.78533333
0.67614734,0.92800000,0.78500000
0.67619622,0.92800000,0.78466667
0.67662579,0.92800000,0.78433333
0.67686492,0.92766667,0.78433333
0.67713010,0.92766667,0.78400000
0.67721224,0.92766667,0.78366667
0.67733818,0.92766667,0.78333333
0.67742670,0.92733333,0.78333333
0.67747033,0.92733333,0.78300000
0.67766136,0.92733333,0.78266667
0.67813039,0.92700000,0.78266667
0.67829078,0.92700000,0.78233333
0.67844284,0.92700000,0.78200000
0.67852068,0.92700000,0.78166667
0.67866462,0.92700000,0.78133333
0.67867184,0.92666667,0.78133333
0.67869723,0.92666667,0.78100000
0.67881882,0.92666667,0.78066667
0.67899442,0.92666667,0.78033333
0.67926478,0.92633333,0.78033333
0.67928863,0.92633333,0.78000000
0.67936957,0.92600000,0.78000000
0.67946720,0.92600000,0.77966667
0.67959434,0.92600000,0.77933333
0.67970896,0.92600000,0.77900000
0.67999375,0.92600000,0.77866667
0.68003678,0.92566667,0.77866667
0.68013912,0.92533333,0.77866667
0.68040097,0.92533333,0.77833333
0.68096626,0.92533333,0.77800000
0.68111396,0.92533333,0.77766667
0.68131626,0.92500000,0.77766667
0.68133831,0.92500000,0.77733333
0.68168586,0.92466667,0.77733333
0.68178952,0.92466667,0.77700000
0.68189013,0.92433333,0.77700000
0.68189466,0.92433333,0.77666667
0.68204689,0.92433333,0.77633333
0.68214369,0.92433333,0.77600000
0.68227488,0.92433333,0.77566667
0.68233836,0.92433333,0.77533333
0.68246508,0.92433333,0.77500000
0.68258190,0.92433333,0.77466667
0.68298042,0.92400000,0.77466667
0.68312013,0.92366667,0.77466667
0.68312407,0.92333333,0.77466667
0.68317544,0.92300000,0.77466667
0.68335319,0.92300000,0.77433333
0.68346405,0.92266667,0.77433333
0.68347329,0.92266667,0.77400000
0.68365955,0.92266667,0.77366667
0.68390763,0.92266667,0.77333333
0.68391412,0.92266667,0.77300000
0.68471587,0.92233333,0.77300000
0.68486315,0.92233333,0.77266667
0.68507463,0.92200000,0.77266667
0.68512034,0.92200000,0.77233333
0.68513781,0.92200000,0.77200000
0.68534589,0.92200000,0.77166667
0.68573821,0.92200000,0.77133333
0.68599206,0.92166667,0.77133333
0.68599594,0.92133333,0.77133333
0.68666935,0.92133333,0.77100000
0.68698967,0.92133333,0.77066667
0.68712062,0.92133333,0.77033333
0.68714988,0.92100000,0.77033333
0.68716878,0.92100000,0.77000000
0.68768275,0.92100000,0.76966667
0.68777394,0.92100000,0.76933333
0.68885481,0.92100000,0.76900000
0.68914229,0.92066667,0.76900000
0.68924892,0.92033333,0.76900000
0.68959349,0.92033333,0.76866667
0.68984997,0.92033333,0.76833333
0.69008923,0.92033333,0.76800000
0.69033402,0.92033333,0.76766667
0.69039124,0.92033333,0.76733333
0.69051552,0.92000000,0.76733333
0.69069171,0.91966667,0.76733333
0.69085431,0.91933333,0.76733333
0.69087106,0.91933333,0.76700000
0.69093955,0.91933333,0.76666667
0.69098437,0.91933333,0.76633333
0.69102454,0.91933333,0.76600000
0.69111025,0.91933333,0.76566667
0.69119787,0.91933333,0.76533333
0.69127750,0.91933333,0.76500000
0.69139469,0.91933333,0.76466667
0.69206893,0.91933333,0.76433333
0.69215846,0.91933333,0.76400000
0.69272077,0.91933333,0.76366667
0.69299233,0.91933333,0.76333333
0.69357747,0.91933333,0.76300000
0.69364846,0.91933333,0.76266667
0.69371080,0.91933333,0.76233333
0.69372344,0.91900000,0.76233333
0.69375992,0.91866667,0.76233333
0.69378304,0.91866667,0.76200000
0.69387412,0.91866667,0.76166667
0.69400871,0.91866667,0.76133333
0.69409937,0.91866667,0.76100000
0.69410884,0.91866667,0.76066667
0.69416022,0.91866667,0.76033333
0.69418347,0.91866667,0.76000000
0.69427931,0.91833333,0.76000000
0.69431663,0.91833333,0.75966667
0.69459110,0.91800000,0.75966667
0.69480217,0.91800000,0.75933333
0.69481599,0.91766667,0.75933333
0.69510376,0.91766667,0.75900000
0.69512457,0.91766667,0.75866667
0.69538355,0.91766667,0.75833333
0.69576001,0.91766667,0.75800000
0.69592667,0.91733333,0.75800000
0.69601387,0.91733333,0.75766667
0.69620275,0.91733333,0.75733333
0.69621766,0.91700000,0.75733333
0.69668955,0.91700000,0.75700000
0.69687229,0.91666667,0.75700000
0.69712484,0.91666667,0.75666667
0.69740838,0.91666667,0.75633333
0.69747162,0.91633333,0.75633333
0.69779921,0.91633333,0.75600000
0.69788367,0.91633333,0.75566667
0.69804913,0.91633333,0.75533333
0.69826531,0.91633333,0.75500000
0.69838327,0.91633333,0.75466667
0.69839287,0.91633333,0.75433333
0.69841003,0.91633333,0.75400000
0.69855839,0.91600000,0.75400000
0.69886589,0.91600000,0.75366667
0.69921386,0.91600000,0.75333333
0.69949663,0.91566667,0.75333333
0.70009768,0.91533333,0.75333333
0.70019865,0.91533333,0.75300000
0.70029747,0.91533333,0.75266667
0.70042145,0.91533333,0.75233333
0.70063174,0.91533333,0.75200000
0.70067251,0.91533333,0.75166667
0.70072949,0.91533333,0.75133333
0.70073581,0.91533333,0.75100000
0.70075023,0.91533333,0.75066667
0.70091003,0.91500000,0.75066667
0.70095623,0.91466667,0.75066667
0.70114297,0.91466667,0.75033333
0.70126271,0.91433333,0.75033333
0.70149577,0.91400000,0.75033333
0.70187056,0.91400000,0.75000000
0.70202386,0.91366667,0.75000000
0.70223719,0.91366667,0.74966667
0.70231509,0.91333333,0.74966667
0.70248413,0.91333333,0.74933333
0.70255566,0.91333333,0.74900000
0.70261800,0.91333333,0.74866667
0.70271891,0.91333333,0.74833333
0.70279127,0.91300000,0.74833333
0.70306325,0.91300000,0.74800000
0.70306790,0.91300000,0.74766667
0.70323533,0.91266667,0.74766667
0.70328581,0.91266667,0.74733333
0.70338249,0.91266667,0.74700000
0.70384032,0.91233333,0.74700000
0.70410538,0.91200000,0.74700000
0.70410633,0.91166667,0.74700000
0.70418417,0.91166667,0.74666667
0.70418918,0.91133333,0.74666667
0.70450735,0.91133333,0.74633333
0.70498019,0.91133333,0.74600000
0.70499486,0.91100000,0.74600000
0.70508802,0.91100000,0.74566667
0.70557332,0.91100000,0.74533333
0.70559096,0.91100000,0.74500000
0.70563126,0.91066667,0.74500000
0.70567274,0.91033333,0.74500000
0.70598912,0.91000000,0.74500000
0.70607203,0.90966667,0.74500000
0.70610160,0.90933333,0.74500000
0.70623648,0.90933333,0.74466667
0.70643210,0.90933333,0.74433333
0.70645040,0.90933333,0.74400000
0.70651889,0.90933333,0.74366667
0.70656842,0.90933333,0.74333333
0.70663279,0.90933333,0.74300000
0.70687342,0.90933333,0.74266667
0.70693934,0.90900000,0.74266667
0.70705247,0.90866667,0.74266667
0.70714986,0.90833333,0.74266667
0.70727307,0.90833333,0.74233333
0.70734143,0.90800000,0.74233333
0.70742542,0.90800000,0.74200000
0.70750296,0.90800000,0.74166667
0.70759618,0.90800000,0.74133333
0.70767552,0.90800000,0.74100000
0.70789176,0.90800000,0.74066667
0.70811766,0.90800000,0.74033333
0.70813000,0.90766667,0.74033333
0.70828658,0.90766667,0.74000000
0.70879769,0.90766667,0.73966667
0.70891070,0.90766667,0.73933333
0.70901382,0.90766667,0.73900000
0.70905662,0.90733333,0.73900000
0.70906270,0.90700000,0.73900000
0.70910835,0.90700000,0.73866667
0.70917732,0.90700000,0.73833333
0.70967567,0.90700000,0.73800000
0.70980442,0.90700000,0.73766667
0.70995033,0.90700000,0.73733333
0.70998996,0.90700000,0.73700000
0.71000385,0.90700000,0.73666667
0.71006417,0.90666667,0.73666667
0.71024561,0.90666667,0.73633333
0.71026641,0.90666667,0.73600000
0.71034002,0.90633333,0.73600000
0.71041900,0.90633333,0.73566667
0.71042705,0.90633333,0.73533333
0.71042717,0.90633333,0.73500000
0.71061063,0.90600000,0.73500000
0.71125007,0.90566667,0.73500000
0.71149898,0.90566667,0.73466667
0.71158344,0.90566667,0.73433333
0.71160471,0.90533333,0.73433333
0.71172422,0.90533333,0.73400000
0.71187347,0.90533333,0.73366667
0.71187854,0.90533333,0.73333333
0.71211493,0.90533333,0.73300000
0.71211851,0.90533333,0.73266667
0.71212614,0.90500000,0.73266667
0.71222758,0.90466667,0.73266667
0.71243328,0.90466667,0.73233333
0.71246785,0.90466667,0.73200000
0.71252418,0.90433333,0.73200000
0.71264184,0.90433333,0.73166667
0.71270239,0.90433333,0.73133333
0.71277130,0.90433333,0.73100000
0.71281123,0.90433333,0.73066667
0.71283817,0.90400000,0.73066667
0.71304190,0.90400000,0.73033333
0.71312869,0.90400000,0.73000000
0.71324944,0.90400000,0.72966667
0.71327740,0.90400000,0.72933333
0.71339321,0.90400000,0.72900000
0.71341014,0.90366667,0.72900000
0.71352851,0.90366667,0.72866667
0.71368277,0.90366667,0.72833333
0.71383691,0.90366667,0.72800000
0.71420848,0.90333333,0.72800000
0.71437478,0.90333333,0.72766667
0.71448541,0.90333333,0.72733333
0.71449530,0.90300000,0.72733333
0.71462333,0.90300000,0.72700000
0.71465290,0.90300000,0.72666667
0.71523631,0.90266667,0.72666667
0.71550810,0.90266667,0.72633333
0.71563560,0.90266667,0.72600000
0.71588808,0.90266667,0.72566667
0.71592295,0.90266667,0.72533333
0.71675336,0.90233333,0.72533333
0.71700239,0.90233333,0.72500000
0.71705705,0.90233333,0.72466667
0.71725768,0.90233333,0.72433333
0.71727610,0.90200000,0.72433333
0.71728218,0.90200000,0.72400000
0.71760309,0.90200000,0.72366667
0.71768218,0.90200000,0.72333333
0.71781206,0.90200000,0.72300000
0.71796525,0.90166667,0.72300000
0.71827173,0.90133333,0.72300000
0.71835029,0.90133333,0.72266667
0.71855718,0.90100000,0.72266667
0.71862108,0.90066667,0.72266667
0.71873498,0.90066667,0.72233333
0.71901387,0.90033333,0.72233333
0.71913993,0.90000000,0.72233333
0.71937817,0.90000000,0.72200000
0.71943915,0.89966667,0.72200000
0.71947861,0.89966667,0.72166667
0.71955866,0.89966667,0.72133333
0.71958309,0.89933333,0.72133333
0.71968073,0.89933333,0.72100000
0.71970212,0.89933333,0.72066667
0.71986914,0.89933333,0.72033333
0.71991843,0.89933333,0.72000000
0.72004336,0.89933333,0.71966667
0.72028691,0.89900000,0.71966667
0.72030729,0.89900000,0.71933333
0.72031158,0.89900000,0.71900000
0.72032553,0.89900000,0.71866667
0.72034472,0.89866667,0.71866667
0.72038215,0.89866667,0.71833333
0.72040409,0.89866667,0.71800000
0.72056830,0.89866667,0.71766667
0.72067106,0.89833333,0.71766667
0.72068232,0.89833333,0.71733333
0.72125626,0.89800000,0.71733333
0.72187662,0.89800000,0.71700000
0.72203380,0.89800000,0.71666667
0.72294402,0.89766667,0.71666667
0.72310090,0.89766667,0.71633333
0.72362423,0.89766667,0.71600000
0.72391742,0.89766667,0.71566667
0.72399032,0.89766667,0.71533333
0.72401655,0.89766667,0.71500000
0.72407752,0.89733333,0.71500000
0.72414607,0.89733333,0.71466667
0.72416735,0.89700000,0.71466667
0.72421265,0.89666667,0.71466667
0.72426754,0.89666667,0.71433333
0.72431767,0.89633333,0.71433333
0.72465611,0.89633333,0.71400000
0.72471416,0.89633333,0.71366667
0.72521061,0.89633333,0.71333333
0.72522151,0.89633333,0.71300000
0.72535586,0.89633333,0.71266667
0.72543597,0.89633333,0.71233333
0.72550738,0.89600000,0.71233333
0.72552317,0.89566667,0.71233333
0.72559398,0.89533333,0.71233333
0.72563243,0.89500000,0.71233333
0.72580779,0.89466667,0.71233333
0.72594762,0.89433333,0.71233333
0.72629821,0.89400000,0.71233333
0.72673833,0.89400000,0.71200000
0.72673893,0.89400000,0.71166667
0.72682238,0.89400000,0.71133333
0.72685212,0.89400000,0.71100000
0.72692198,0.89400000,0.71066667
0.72696775,0.89400000,0.71033333
0.72698212,0.89366667,0.71033333
0.72710705,0.89366667,0.71000000
0.72735733,0.89333333,0.71000000
0.72759765,0.89333333,0.70966667
0.72788209,0.89333333,0.70933333
0.72818363,0.89333333,0.70900000
0.72818470,0.89333333,0.70866667
0.72841692,0.89300000,0.70866667
0.72842813,0.89266667,0.70866667
0.72844803,0.89266667,0.70833333
0.72849131,0.89266667,0.70800000
0.72851384,0.89233333,0.70800000
0.72856909,0.89233333,0.70766667
0.72868526,0.89200000,0.70766667
0.72868747,0.89166667,0.70766667
0.72904164,0.89166667,0.70733333
0.72906482,0.89166667,0.70700000
0.72928190,0.89166667,0.70666667
0.72946870,0.89133333,0.70666667
0.72961229,0.89133333,0.70633333
0.72967589,0.89133333,0.70600000
0.72969168,0.89133333,0.70566667
0.72971618,0.89100000,0.70566667
0.72978711,0.89100000,0.70533333
0.72998953,0.89100000,0.70500000
0.72999889,0.89100000,0.70466667
0.73014402,0.89100000,0.70433333
0.73016679,0.89100000,0.70400000
0.73018277,0.89100000,0.70366667
0.73023272,0.89100000,0.70333333
0.73052526,0.89066667,0.70333333
0.73052919,0.89066667,0.70300000
0.73055220,0.89066667,0.70266667
0.73057050,0.89066667,0.70233333
0.73058105,0.89066667,0.70200000
0.73076463,0.89066667,0.70166667
0.73089433,0.89033333,0.70166667
0.73104167,0.89000000,0.70166667
0.73153919,0.88966667,0.70166667
0.73163044,0.88966667,0.70133333
0.73167527,0.88966667,0.70100000
0.73173916,0.88966667,0.70066667
0.73182559,0.88966667,0.70033333
0.73188365,0.88966667,0.70000000
0.73192501,0.88966667,0.69966667
0.73212308,0.88966667,0.69933333
0.73228765,0.88966667,0.69900000
0.73249435,0.88933333,0.69900000
0.73267722,0.88900000,0.69900000
0.73270857,0.88900000,0.69866667
0.73273766,0.88900000,0.69833333
0.73278403,0.88900000,0.69800000
0.73299146,0.88900000,0.69766667
0.73302197,0.88900000,0.69733333
0.73308140,0.88866667,0.69733333
0.73367995,0.88833333,0.69733333
0.73383558,0.88800000,0.69733333
0.73388439,0.88800000,0.69700000
0.73423278,0.88800000,0.69666667
0.73426324,0.88800000,0.69633333
0.73439533,0.88800000,0.69600000
0.73447889,0.88800000,0.69566667
0.73467082,0.88800000,0.69533333
0.73517239,0.88800000,0.69500000
0.73525620,0.88766667,0.69500000
0.73528349,0.88766667,0.69466667
0.73529458,0.88766667,0.69433333
0.73556948,0.88766667,0.69400000
0.73574150,0.88733333,0.69400000
0.73578095,0.88733333,0.69366667
0.73587155,0.88733333,0.69333333
0.73595887,0.88733333,0.69300000
0.73608357,0.88733333,0.69266667
0.73636150,0.88700000,0.69266667
0.73657560,0.88700000,0.69233333
0.73683423,0.88666667,0.69233333
0.73694324,0.88633333,0.69233333
0.73699397,0.88633333,0.69200000
0.73706406,0.88600000,0.69200000
0.73738050,0.88566667,0.69200000
0.73752010,0.88566667,0.69166667
0.73775017,0.88533333,0.69166667
0.73775113,0.88533333,0.69133333
0.73777664,0.88533333,0.69100000
0.73796737,0.88500000,0.69100000
0.73799402,0.88500000,0.69066667
0.73799455,0.88500000,0.69033333
0.73817140,0.88500000,0.69000000
0.73831064,0.88500000,0.68966667
0.73837566,0.88500000,0.68933333
0.73840541,0.88500000,0.68900000
0.73841971,0.88500000,0.68866667
0.73846745,0.88500000,0.68833333
0.73847711,0.88466667,0.68833333
0.73855162,0.88433333,0.68833333
0.73892713,0.88433333,0.68800000
0.73893237,0.88433333,0.68766667
0.73922753,0.88433333,0.68733333
0.73923814,0.88400000,0.68733333
0.73961115,0.88400000,0.68700000
0.73972344,0.88366667,0.68700000
0.73985618,0.88366667,0.68666667
0.73988628,0.88333333,0.68666667
0.73992550,0.88333333,0.68633333
0.74005306,0.88300000,0.68633333
0.74006629,0.88300000,0.68600000
0.74027312,0.88266667,0.68600000
0.74040550,0.88266667,0.68566667
0.74044394,0.88266667,0.68533333
0.74073344,0.88266667,0.68500000
0.74098253,0.88233333,0.68500000
0.74098951,0.88200000,0.68500000
0.74099874,0.88200000,0.68466667
0.74105388,0.88200000,0.68433333
0.74114621,0.88200000,0.68400000
0.74122858,0.88200000,0.68366667
0.74124473,0.88200000,0.68333333
0.74146271,0.88166667,0.68333333
0.74172533,0.88166667,0.68300000
0.74183828,0.88166667,0.68266667
0.74186581,0.88166667,0.68233333
0.74217236,0.88166667,0.68200000
0.74218124,0.88166667,0.68166667
0.74221081,0.88166667,0.68133333
0.74222767,0.88166667,0.68100000
0.74227113,0.88166667,0.68066667
0.74258542,0.88166667,0.68033333
0.74263680,0.88133333,0.68033333
0.74283081,0.88133333,0.68000000
0.74285692,0.88133333,0.67966667
0.74303472,0.88133333,0.67933333
0.74305087,0.88100000,0.67933333
0.74323851,0.88066667,0.67933333
0.74325299,0.88066667,0.67900000
0.74325979,0.88033333,0.67900000
0.74332535,0.88033333,0.67866667
0.74333107,0.88000000,0.67866667
0.74339771,0.88000000,0.67833333
0.74343872,0.88000000,0.67800000
0.74351233,0.88000000,0.67766667
0.74384129,0.88000000,0.67733333
0.74387622,0.87966667,0.67733333
0.74420559,0.87933333,0.67733333
0.74460840,0.87933333,0.67700000
0.74465513,0.87933333,0.67666667
0.74467254,0.87933333,0.67633333
0.74482334,0.87900000,0.67633333
0.74499500,0.87900000,0.67600000
0.74532437,0.87900000,0.67566667
0.74543250,0.87900000,0.67533333
0.74548578,0.87900000,0.67500000
0.74553227,0.87900000,0.67466667
0.74570739,0.87900000,0.67433333
0.74583578,0.87900000,0.67400000
0.74610782,0.87900000,0.67366667
0.74634838,0.87866667,0.67366667
0.74637508,0.87866667,0.67333333
0.74685681,0.87833333,0.67333333
0.74705923,0.87800000,0.67333333
0.74719381,0.87766667,0.67333333
0.74731171,0.87766667,0.67300000
0.74733466,0.87766667,0.67266667
0.74734545,0.87766667,0.67233333
0.74742103,0.87766667,0.67200000
0.74746609,0.87766667,0.67166667
0.74752092,0.87766667,0.67133333
0.74797827,0.87766667,0.67100000
0.74833435,0.87766667,0.67066667
0.74837351,0.87733333,0.67066667
0.74842477,0.87733333,0.67033333
0.74851179,0.87733333,0.67000000
0.74858701,0.87733333,0.66966667
0.74868751,0.87733333,0.66933333
0.74882245,0.87733333,0.66900000
0.74928224,0.87700000,0.66900000
0.74947059,0.87700000,0.66866667
0.74998653,0.87700000,0.66833333
0.75018060,0.87700000,0.66800000
0.75022459,0.87700000,0.66766667
0.75024980,0.87700000,0.66733333
0.75027227,0.87666667,0.66733333
0.75036228,0.87666667,0.66700000
0.75038970,0.87633333,0.66700000
0.75040478,0.87633333,0.66666667
0.75042063,0.87633333,0.66633333
0.75045121,0.87633333,0.66600000
0.75049633,0.87600000,0.66600000
0.75051165,0.87600000,0.66566667
0.75056314,0.87600000,0.66533333
0.75074744,0.87600000,0.66500000
0.75080121,0.87600000,0.66466667
0.75081813,0.87600000,0.66433333
0.75095493,0.87600000,0.66400000
0.75114965,0.87600000,0.66366667
0.75141799,0.87600000,0.66333333
0.75144136,0.87600000,0.66300000
0.75174201,0.87600000,0.66266667
0.75208306,0.87566667,0.66266667
0.75245750,0.87566667,0.66233333
0.75249422,0.87566667,0.66200000
0.75264525,0.87566667,0.66166667
0.75268626,0.87566667,0.66133333
0.75273359,0.87566667,0.66100000
0.75284904,0.87533333,0.66100000
0.75297225,0.87533333,0.66066667
0.75353330,0.87533333,0.66033333
0.75354064,0.87533333,0.66000000
0.75360513,0.87533333,0.65966667
0.75364268,0.87500000,0.65966667
0.75385731,0.87500000,0.65933333
0.75392729,0.87466667,0.65933333
0.75396776,0.87433333,0.65933333
0.75406337,0.87400000,0.65933333
0.75418377,0.87400000,0.65900000
0.75424004,0.87400000,0.65866667
0.75427139,0.87366667,0.65866667
0.75436044,0.87366667,0.65833333
0.75438243,0.87366667,0.65800000
0.75441277,0.87333333,0.65800000
0.75452054,0.87333333,0.65766667
0.75457060,0.87300000,0.65766667
0.75484592,0.87266667,0.65766667
0.75485754,0.87266667,0.65733333
0.75489753,0.87266667,0.65700000
0.75494081,0.87266667,0.65666667
0.75510085,0.87233333,0.65666667
0.75520140,0.87233333,0.65633333
0.75545073,0.87200000,0.65633333
0.75551641,0.87200000,0.65600000
0.75561142,0.87200000,0.65566667
0.75563812,0.87166667,0.65566667
0.75566578,0.87166667,0.65533333
0.75594568,0.87166667,0.65500000
0.75604391,0.87133333,0.65500000
0.75650120,0.87100000,0.65500000
0.75654793,0.87066667,0.65500000
0.75657499,0.87066667,0.65466667
0.75667357,0.87033333,0.65466667
0.75678861,0.87033333,0.65433333
0.75680220,0.87000000,0.65433333
0.75703835,0.86966667,0.65433333
0.75709170,0.86966667,0.65400000
0.75758028,0.86966667,0.65366667
0.75765657,0.86966667,0.65333333
0.75768524,0.86933333,0.65333333
0.75775653,0.86933333,0.65300000
0.75786865,0.86900000,0.65300000
0.75789678,0.86900000,0.65266667
0.75811028,0.86900000,0.65233333
0.75813878,0.86900000,0.65200000
0.75818896,0.86866667,0.65200000
0.75834137,0.86833333,0.65200000
0.75836229,0.86800000,0.65200000
0.75847358,0.86800000,0.65166667
0.75854492,0.86766667,0.65166667
0.75859225,0.86766667,0.65133333
0.75870323,0.86766667,0.65100000
0.75874460,0.86733333,0.65100000
0.75927526,0.86733333,0.65066667
0.75930846,0.86700000,0.65066667
0.75932276,0.86666667,0.65066667
0.75941777,0.86666667,0.65033333
0.75954765,0.86633333,0.65033333
0.75958103,0.86633333,0.65000000
0.75976533,0.86633333,0.64966667
0.75984102,0.86633333,0.64933333
0.76003063,0.86600000,0.64933333
0.76013803,0.86600000,0.64900000
0.76020992,0.86566667,0.64900000
0.76021564,0.86533333,0.64900000
0.76051730,0.86500000,0.64900000
0.76058042,0.86500000,0.64866667
0.76065075,0.86466667,0.64866667
0.76083529,0.86433333,0.64866667
0.76091588,0.86400000,0.64866667
0.76101494,0.86400000,0.64833333
0.76109695,0.86400000,0.64800000
0.76111978,0.86400000,0.64766667
0.76133490,0.86366667,0.64766667
0.76133698,0.86366667,0.64733333
0.76137531,0.86366667,0.64700000
0.76144266,0.86366667,0.64666667
0.76156533,0.86366667,0.64633333
0.76164055,0.86366667,0.64600000
0.76172829,0.86333333,0.64600000
0.76175809,0.86333333,0.64566667
0.76193440,0.86300000,0.64566667
0.76194757,0.86300000,0.64533333
0.76201218,0.86266667,0.64533333
0.76211059,0.86266667,0.64500000
0.76215076,0.86233333,0.64500000
0.76216567,0.86233333,0.64466667
0.76236123,0.86233333,0.64433333
0.76248574,0.86233333,0.64400000
0.76250172,0.86200000,0.64400000
0.76251507,0.86166667,0.64400000
0.76263756,0.86166667,0.64366667
0.76279724,0.86166667,0.64333333
0.76294357,0.86133333,0.64333333
0.76309741,0.86133333,0.64300000
0.76336902,0.86133333,0.64266667
0.76348495,0.86133333,0.64233333
0.76352704,0.86133333,0.64200000
0.76383621,0.86133333,0.64166667
0.76397085,0.86133333,0.64133333
0.76407599,0.86133333,0.64100000
0.76408100,0.86100000,0.64100000
0.76419401,0.86100000,0.64066667
0.76422727,0.86100000,0.64033333
0.76437515,0.86100000,0.64000000
0.76442766,0.86100000,0.63966667
0.76451755,0.86066667,0.63966667
0.76454413,0.86066667,0.63933333
0.76474297,0.86066667,0.63900000
0.76485932,0.86066667,0.63866667
0.76487321,0.86033333,0.63866667
0.76496625,0.86000000,0.63866667
0.76500314,0.86000000,0.63833333
0.76511228,0.86000000,0.63800000
0.76513243,0.86000000,0.63766667
0.76521617,0.86000000,0.63733333
0.76533747,0.86000000,0.63700000
0.76534969,0.86000000,0.63666667
0.76537025,0.85966667,0.63666667
0.76539421,0.85966667,0.63633333
0.76544714,0.85966667,0.63600000
0.76556551,0.85966667,0.63566667
0.76569641,0.85933333,0.63566667
0.76578009,0.85933333,0.63533333
0.76584876,0.85900000,0.63533333
0.76593554,0.85900000,0.63500000
0.76596564,0.85866667,0.63500000
0.76615053,0.85833333,0.63500000
0.76621622,0.85833333,0.63466667
0.76644576,0.85800000,0.63466667
0.76688910,0.85800000,0.63433333
0.76698476,0.85800000,0.63400000
0.76708889,0.85766667,0.63400000
0.76712728,0.85766667,0.63366667
0.76731277,0.85733333,0.63366667
0.76743054,0.85700000,0.63366667
0.76744628,0.85666667,0.63366667
0.76747072,0.85633333,0.63366667
0.76749372,0.85633333,0.63333333
0.76769727,0.85633333,0.63300000
0.76778513,0.85633333,0.63266667
0.76781642,0.85633333,0.63233333
0.76794958,0.85633333,0.63200000
0.76795125,0.85600000,0.63200000
0.76798189,0.85566667,0.63200000
0.76800209,0.85533333,0.63200000
0.76811892,0.85533333,0.63166667
0.76824403,0.85533333,0.63133333
0.76834571,0.85500000,0.63133333
0.76843905,0.85500000,0.63100000
0.76847243,0.85466667,0.63100000
0.76850784,0.85466667,0.63066667
0.76865917,0.85433333,0.63066667
0.76867521,0.85433333,0.63033333
0.76875615,0.85433333,0.63000000
0.76890612,0.85433333,0.62966667
0.76897079,0.85433333,0.62933333
0.76918614,0.85433333,0.62900000
0.76921880,0.85433333,0.62866667
0.76921976,0.85433333,0.62833333
0.76930064,0.85400000,0.62833333
0.76962686,0.85400000,0.62800000
0.76964259,0.85366667,0.62800000
0.76971179,0.85366667,0.62766667
0.76982832,0.85333333,0.62766667
0.76988196,0.85333333,0.62733333
0.76991010,0.85300000,0.62733333
0.77006924,0.85300000,0.62700000
0.77008200,0.85266667,0.62700000
0.77014887,0.85233333,0.62700000
0.77015626,0.85233333,0.62666667
0.77022910,0.85200000,0.62666667
0.77039468,0.85166667,0.62666667
0.77041268,0.85133333,0.62666667
0.77051491,0.85133333,0.62633333
0.77052569,0.85100000,0.62633333
0.77054679,0.85066667,0.62633333
0.77059746,0.85066667,0.62600000
0.77062500,0.85066667,0.62566667
0.77067959,0.85066667,0.62533333
0.77071506,0.85033333,0.62533333
0.77076584,0.85033333,0.62500000
0.77099013,0.85000000,0.62500000
0.77104712,0.85000000,0.62466667
0.77108228,0.85000000,0.62433333
0.77128410,0.85000000,0.62400000
0.77129745,0.84966667,0.62400000
0.77132165,0.84933333,0.62400000
0.77139246,0.84933333,0.62366667
0.77142400,0.84933333,0.62333333
0.77149558,0.84900000,0.62333333
0.77150655,0.84900000,0.62300000
0.77152884,0.84900000,0.62266667
0.77153063,0.84900000,0.62233333
0.77158970,0.84900000,0.62200000
0.77164751,0.84866667,0.62200000
0.77173847,0.84833333,0.62200000
0.77190083,0.84800000,0.62200000
0.77199996,0.84800000,0.62166667
0.77218664,0.84800000,0.62133333
0.77224970,0.84800000,0.62100000
0.77232009,0.84766667,0.62100000
0.77251935,0.84766667,0.62066667
0.77271289,0.84766667,0.62033333
0.77274114,0.84766667,0.62000000
0.77277464,0.84766667,0.61966667
0.77279186,0.84766667,0.61933333
0.77293611,0.84766667,0.61900000
0.77302736,0.84766667,0.61866667
0.77305931,0.84733333,0.61866667
0.77308303,0.84700000,0.61866667
0.77315646,0.84700000,0.61833333
0.77330041,0.84666667,0.61833333
0.77340484,0.84633333,0.61833333
0.77351606,0.84633333,0.61800000
0.77366072,0.84633333,0.61766667
0.77372062,0.84600000,0.61766667
0.77378833,0.84600000,0.61733333
0.77391189,0.84566667,0.61733333
0.77393186,0.84566667,0.61700000
0.77404451,0.84566667,0.61666667
0.77419060,0.84566667,0.61633333
0.77420145,0.84566667,0.61600000
0.77430344,0.84566667,0.61566667
0.77433342,0.84566667,0.61533333
0.77453578,0.84566667,0.61500000
0.77472019,0.84566667,0.61466667
0.77492964,0.84566667,0.61433333
0.77506596,0.84566667,0.61400000
0.77510619,0.84533333,0.61400000
0.77511686,0.84500000,0.61400000
0.77511758,0.84500000,0.61366667
0.77520549,0.84500000,0.61333333
0.77540690,0.84500000,0.61300000
0.77541506,0.84500000,0.61266667
0.77549374,0.84500000,0.61233333
0.77555060,0.84500000,0.61200000
0.77555734,0.84500000,0.61166667
0.77572906,0.84466667,0.61166667
0.77588964,0.84466667,0.61133333
0.77603221,0.84466667,0.61100000
0.77615166,0.84466667,0.61066667
0.77619749,0.84466667,0.61033333
0.77626044,0.84433333,0.61033333
0.77632451,0.84433333,0.61000000
0.77647179,0.84433333,0.60966667
0.77650166,0.84433333,0.60933333
0.77650583,0.84400000,0.60933333
0.77671921,0.84400000,0.60900000
0.77690756,0.84400000,0.60866667
0.77693975,0.84400000,0.60833333
0.77695286,0.84366667,0.60833333
0.77697241,0.84366667,0.60800000
0.77697861,0.84366667,0.60766667
0.77714050,0.84366667,0.60733333
0.77717197,0.84333333,0.60733333
0.77727306,0.84333333,0.60700000
0.77750492,0.84300000,0.60700000
0.77762151,0.84266667,0.60700000
0.77766794,0.84233333,0.60700000
0.77777457,0.84233333,0.60666667
0.77781683,0.84233333,0.60633333
0.77789652,0.84233333,0.60600000
0.77805454,0.84233333,0.60566667
0.77810842,0.84200000,0.60566667
0.77816814,0.84200000,0.60533333
0.77827394,0.84200000,0.60500000
0.77827454,0.84166667,0.60500000
0.77835447,0.84166667,0.60466667
0.77839482,0.84133333,0.60466667
0.77844292,0.84133333,0.60433333
0.77844763,0.84133333,0.60400000
0.77859569,0.84133333,0.60366667
0.77861750,0.84100000,0.60366667
0.77877867,0.84066667,0.60366667
0.77887630,0.84066667,0.60333333
0.77893794,0.84066667,0.60300000
0.77896774,0.84066667,0.60266667
0.77900290,0.84066667,0.60233333
0.77900350,0.84066667,0.60200000
0.77914894,0.84033333,0.60200000
0.77921796,0.84000000,0.60200000
0.77932203,0.84000000,0.60166667
0.77933365,0.83966667,0.60166667
0.77959007,0.83966667,0.60133333
0.77962208,0.83933333,0.60133333
0.77981907,0.83900000,0.60133333
0.78013092,0.83866667,0.60133333
0.78016257,0.83833333,0.60133333
0.78016555,0.83800000,0.60133333
0.78023732,0.83800000,0.60100000
0.78034192,0.83766667,0.60100000
0.78035289,0.83766667,0.60066667
0.78035820,0.83766667,0.60033333
0.78049946,0.83733333,0.60033333
0.78054112,0.83700000,0.60033333
0.78057897,0.83700000,0.60000000
0.78088415,0.83700000,0.59966667
0.78095967,0.83700000,0.59933333
0.78111291,0.83700000,0.59900000
0.78137249,0.83700000,0.59866667
0.78145140,0.83700000,0.59833333
0.78150427,0.83700000,0.59800000
0.78161228,0.83700000,0.59766667
0.78168011,0.83700000,0.59733333
0.78171754,0.83700000,0.59700000
0.78181404,0.83666667,0.59700000
0.78189379,0.83633333,0.59700000
0.78207827,0.83633333,0.59666667
0.78215015,0.83633333,0.59633333
0.78222167,0.83633333,0.59600000
0.78243107,0.83633333,0.59566667
0.78243315,0.83633333,0.59533333
0.78245872,0.83600000,0.59533333
0.78250641,0.83566667,0.59533333
0.78260791,0.83566667,0.59500000
0.78261834,0.83566667,0.59466667
0.78282470,0.83533333,0.59466667
0.78289592,0.83500000,0.59466667
0.78291160,0.83466667,0.59466667
0.78304607,0.83433333,0.59466667
0.78306639,0.83433333,0.59433333
0.78306925,0.83400000,0.59433333
0.78311360,0.83366667,0.59433333
0.78314859,0.83366667,0.59400000
0.78321230,0.83366667,0.59366667
0.78330243,0.83333333,0.59366667
0.78330970,0.83333333,0.59333333
0.78338546,0.83333333,0.59300000
0.78348297,0.83300000,0.59300000
0.78350544,0.83300000,0.59266667
0.78367603,0.83300000,0.59233333
0.78388959,0.83300000,0.59200000
0.78405797,0.83300000,0.59166667
0.78411782,0.83300000,0.59133333
0.78415096,0.83266667,0.59133333
0.78425878,0.83266667,0.59100000
0.78437907,0.83266667,0.59066667
0.78451878,0.83266667,0.59033333
0.78461194,0.83266667,0.59000000
0.78474092,0.83266667,0.58966667
0.78488988,0.83266667,0.58933333
0.78505814,0.83266667,0.58900000
0.78527480,0.83266667,0.58866667
0.78534913,0.83266667,0.58833333
0.78538370,0.83266667,0.58800000
0.78538823,0.83266667,0.58766667
0.78544217,0.83266667,0.58733333
0.78560853,0.83266667,0.58700000
0.78561723,0.83233333,0.58700000
0.78563929,0.83233333,0.58666667
0.78566599,0.83233333,0.58633333
0.78573203,0.83233333,0.58600000
0.78573799,0.83200000,0.58600000
0.78575742,0.83166667,0.58600000
0.78579843,0.83166667,0.58566667
0.78604686,0.83166667,0.58533333
0.78622258,0.83166667,0.58500000
0.78623021,0.83166667,0.58466667
0.78628951,0.83166667,0.58433333
0.78636456,0.83166667,0.58400000
0.78645331,0.83133333,0.58400000
0.78680992,0.83100000,0.58400000
0.78683472,0.83100000,0.58366667
0.78684646,0.83100000,0.58333333
0.78707457,0.83066667,0.58333333
0.78711176,0.83066667,0.58300000
0.78717542,0.83033333,0.58300000
0.78735781,0.83033333,0.58266667
0.78738606,0.83033333,0.58233333
0.78745651,0.83033333,0.58200000
0.78747886,0.83033333,0.58166667
0.78756136,0.83000000,0.58166667
0.78768337,0.83000000,0.58133333
0.78778195,0.82966667,0.58133333
0.78786427,0.82966667,0.58100000
0.78788030,0.82966667,0.58066667
0.78790283,0.82966667,0.58033333
0.78790450,0.82933333,0.58033333
0.78818959,0.82933333,0.58000000
0.78819370,0.82933333,0.57966667
0.78826475,0.82933333,0.57933333
0.78830498,0.82933333,0.57900000
0.78831744,0.82933333,0.57866667
0.78842694,0.82900000,0.57866667
0.78853345,0.82866667,0.57866667
0.78854078,0.82833333,0.57866667
0.78856355,0.82800000,0.57866667
0.78857023,0.82766667,0.57866667
0.78869915,0.82733333,0.57866667
0.78879184,0.82733333,0.57833333
0.78887647,0.82733333,0.57800000
0.78887689,0.82700000,0.57800000
0.78894353,0.82700000,0.57766667
0.78913593,0.82700000,0.57733333
0.78913903,0.82666667,0.57733333
0.78921270,0.82633333,0.57733333
0.78930718,0.82633333,0.57700000
0.78937733,0.82633333,0.57666667
0.78942585,0.82633333,0.57633333
0.78947628,0.82633333,0.57600000
0.78952450,0.82633333,0.57566667
0.78953159,0.82600000,0.57566667
0.78965592,0.82566667,0.57566667
0.78971648,0.82533333,0.57566667
0.78971916,0.82533333,0.57533333
0.78974867,0.82500000,0.57533333
0.78986210,0.82466667,0.57533333
0.78990746,0.82466667,0.57500000
0.78997660,0.82466667,0.57466667
0.79004097,0.82466667,0.57433333
0.79008722,0.82466667,0.57400000
0.79021120,0.82466667,0.57366667
0.79021126,0.82433333,0.57366667
0.79038084,0.82400000,0.57366667
0.79039204,0.82400000,0.57333333
0.79056740,0.82400000,0.57300000
0.79059434,0.82366667,0.57300000
0.79065222,0.82366667,0.57266667
0.79072821,0.82366667,0.57233333
0.79083312,0.82366667,0.57200000
0.79098856,0.82333333,0.57200000
0.79099023,0.82300000,0.57200000
0.79103196,0.82266667,0.57200000
0.79104739,0.82233333,0.57200000
0.79120970,0.82233333,0.57166667
0.79126674,0.82233333,0.57133333
0.79127586,0.82233333,0.57100000
0.79130292,0.82233333,0.57066667
0.79131073,0.82233333,0.57033333
0.79146171,0.82233333,0.57000000
0.79147732,0.82200000,0.57000000
0.79150426,0.82200000,0.56966667
0.79157895,0.82166667,0.56966667
0.79160357,0.82166667,0.56933333
0.79169577,0.82133333,0.56933333
0.79171181,0.82133333,0.56900000
0.79184979,0.82100000,0.56900000
0.79206431,0.82066667,0.56900000
0.79208344,0.82033333,0.56900000
0.79254317,0.82033333,0.56866667
0.79255134,0.82000000,0.56866667
0.79265201,0.81966667,0.56866667
0.79304475,0.81933333,0.56866667
0.79325962,0.81900000,0.56866667
0.79329681,0.81866667,0.56866667
0.79343343,0.81866667,0.56833333
0.79345351,0.81866667,0.56800000
0.79355294,0.81866667,0.56766667
0.79356772,0.81833333,0.56766667
0.79358447,0.81833333,0.56733333
0.79362965,0.81833333,0.56700000
0.79377306,0.81833333,0.56666667
0.79385561,0.81800000,0.56666667
0.79394865,0.81800000,0.56633333
0.79398441,0.81766667,0.56633333
0.79406905,0.81733333,0.56633333
0.79413247,0.81733333,0.56600000
0.79425478,0.81700000,0.56600000
0.79427147,0.81700000,0.56566667
0.79428607,0.81700000,0.56533333
0.79436404,0.81700000,0.56500000
0.79441965,0.81666667,0.56500000
0.79452425,0.81666667,0.56466667
0.79458380,0.81666667,0.56433333
0.79469430,0.81666667,0.56400000
0.79470301,0.81666667,0.56366667
0.79470742,0.81666667,0.56333333
0.79472971,0.81633333,0.56333333
0.79475409,0.81600000,0.56333333
0.79500997,0.81600000,0.56300000
0.79508662,0.81566667,0.56300000
0.79521239,0.81566667,0.56266667
0.79531884,0.81566667,0.56233333
0.79533708,0.81566667,0.56200000
0.79537368,0.81533333,0.56200000
0.79550433,0.81500000,0.56200000
0.79553872,0.81466667,0.56200000
0.79554021,0.81466667,0.56166667
0.79555535,0.81466667,0.56133333
0.79558462,0.81433333,0.56133333
0.79559916,0.81433333,0.56100000
0.79559994,0.81433333,0.56066667
0.79560745,0.81433333,0.56033333
0.79560941,0.81433333,0.56000000
0.79571491,0.81400000,0.56000000
0.79589772,0.81400000,0.55966667
0.79592896,0.81400000,0.55933333
0.79598916,0.81400000,0.55900000
0.79613304,0.81400000,0.55866667
0.79623437,0.81400000,0.55833333
0.79645556,0.81400000,0.55800000
0.79648542,0.81366667,0.55800000
0.79667044,0.81366667,0.55766667
0.79675293,0.81366667,0.55733333
0.79679763,0.81333333,0.55733333
0.79681110,0.81333333,0.55700000
0.79691380,0.81300000,0.55700000
0.79694057,0.81300000,0.55666667
0.79714692,0.81300000,0.55633333
0.79715836,0.81266667,0.55633333
0.79719102,0.81233333,0.55633333
0.79729718,0.81200000,0.55633333
0.79739130,0.81166667,0.55633333
0.79743618,0.81133333,0.55633333
0.79754251,0.81133333,0.55600000
0.79756218,0.81100000,0.55600000
0.79776156,0.81100000,0.55566667
0.79777038,0.81066667,0.55566667
0.79777479,0.81033333,0.55566667
0.79778016,0.81000000,0.55566667
0.79778868,0.81000000,0.55533333
0.79779243,0.80966667,0.55533333
0.79790628,0.80933333,0.55533333
0.79790932,0.80933333,0.55500000
0.79804432,0.80900000,0.55500000
0.79805911,0.80900000,0.55466667
0.79816228,0.80900000,0.55433333
0.79821289,0.80900000,0.55400000
0.79824477,0.80866667,0.55400000
0.79827678,0.80833333,0.55400000
0.79838091,0.80833333,0.55366667
0.79838812,0.80800000,0.55366667
0.79861552,0.80800000,0.55333333
0.79864514,0.80766667,0.55333333
0.79864538,0.80766667,0.55300000
0.79865664,0.80733333,0.55300000
0.79873657,0.80700000,0.55300000
0.79882538,0.80700000,0.55266667
0.79895318,0.80700000,0.55233333
0.79908741,0.80700000,0.55200000
0.79919398,0.80666667,0.55200000
0.79921335,0.80666667,0.55166667
0.79924250,0.80666667,0.55133333
0.79926479,0.80633333,0.55133333
0.79930377,0.80600000,0.55133333
0.79932225,0.80566667,0.55133333
0.79933596,0.80566667,0.55100000
0.79933631,0.80566667,0.55066667
0.79935092,0.80566667,0.55033333
0.79936492,0.80566667,0.55000000
0.79955351,0.80566667,0.54966667
0.79955375,0.80533333,0.54966667
0.79970491,0.80533333,0.54933333
0.79984581,0.80533333,0.54900000
0.79985338,0.80533333,0.54866667
0.79985428,0.80500000,0.54866667
0.79986858,0.80500000,0.54833333
0.79993355,0.80466667,0.54833333
0.79997098,0.80466667,0.54800000
0.79998183,0.80466667,0.54766667
0.80002320,0.80466667,0.54733333
0.80005831,0.80466667,0.54700000
0.80011725,0.80433333,0.54700000
0.80013072,0.80400000,0.54700000
0.80020297,0.80366667,0.54700000
0.80022639,0.80366667,0.54666667
0.80024129,0.80366667,0.54633333
0.80028421,0.80333333,0.54633333
0.80079073,0.80300000,0.54633333
0.80079269,0.80300000,0.54600000
0.80105615,0.80300000,0.54566667
0.80110312,0.80266667,0.54566667
0.80115640,0.80233333,0.54566667
0.80131102,0.80200000,0.54566667
0.80146581,0.80200000,0.54533333
0.80160457,0.80200000,0.54500000
0.80165678,0.80200000,0.54466667
0.80169749,0.80200000,0.54433333
0.80179191,0.80166667,0.54433333
0.80197263,0.80166667,0.54400000
0.80214107,0.80166667,0.54366667
0.80224949,0.80133333,0.54366667
0.80231428,0.80133333,0.54333333
0.80233324,0.80100000,0.54333333
0.80249703,0.80100000,0.54300000
0.80254924,0.80100000,0.54266667
0.80260372,0.80100000,0.54233333
0.80266201,0.80066667,0.54233333
0.80266654,0.80066667,0.54200000
0.80266845,0.80033333,0.54200000
0.80284071,0.80033333,0.54166667
0.80294132,0.80033333,0.54133333
0.80304235,0.80033333,0.54100000
0.80306292,0.80033333,0.54066667
0.80332136,0.80000000,0.54066667
0.80337787,0.80000000,0.54000000
0.80340779,0.80000000,0.53966667
0.80344415,0.79966667,0.53966667
0.80352646,0.79966667,0.53933333
0.80361116,0.79933333,0.53933333
0.80364835,0.79900000,0.53933333
0.80366802,0.79866667,0.53933333
0.80381906,0.79833333,0.53933333
0.80383372,0.79833333,0.53900000
0.80384749,0.79833333,0.53866667
0.80389464,0.79800000,0.53866667
0.80406296,0.79800000,0.53833333
0.80413038,0.79800000,0.53800000
0.80417359,0.79766667,0.53800000
0.80421311,0.79766667,0.53766667
0.80422717,0.79733333,0.53766667
0.80429959,0.79700000,0.53766667
0.80430710,0.79700000,0.53733333
0.80439377,0.79666667,0.53733333
0.80485684,0.79633333,0.53733333
0.80490875,0.79633333,0.53700000
0.80494684,0.79633333,0.53666667
0.80496144,0.79633333,0.53633333
0.80499983,0.79633333,0.53600000
0.80504400,0.79600000,0.53600000
0.80513036,0.79566667,0.53600000
0.80513430,0.79566667,0.53566667
0.80522323,0.79566667,0.53533333
0.80523837,0.79566667,0.53500000
0.80537754,0.79566667,0.53466667
0.80565012,0.79566667,0.53433333
0.80572361,0.79533333,0.53433333
0.80596185,0.79533333,0.53400000
0.80612785,0.79500000,0.53400000
0.80629879,0.79466667,0.53400000
0.80647457,0.79466667,0.53366667
0.80649489,0.79466667,0.53333333
0.80656028,0.79433333,0.53333333
0.80657291,0.79433333,0.53300000
0.80659574,0.79400000,0.53300000
0.80666268,0.79400000,0.53266667
0.80666757,0.79366667,0.53266667
0.80678624,0.79333333,0.53266667
0.80680984,0.79333333,0.53233333
0.80693233,0.79333333,0.53200000
0.80695128,0.79333333,0.53166667
0.80706280,0.79333333,0.53133333
0.80715632,0.79333333,0.53100000
0.80745000,0.79333333,0.53066667
0.80765891,0.79333333,0.53033333
0.80777216,0.79300000,0.53033333
0.80777985,0.79300000,0.53000000
0.80791289,0.79266667,0.53000000
0.80811262,0.79266667,0.52966667
0.80846107,0.79266667,0.52933333
0.80847776,0.79266667,0.52900000
0.80899948,0.79266667,0.52866667
0.80901074,0.79233333,0.52866667
0.80907309,0.79233333,0.52833333
0.80909491,0.79200000,0.52833333
0.80911732,0.79166667,0.52833333
0.80922902,0.79166667,0.52800000
0.80924761,0.79133333,0.52800000
0.80928874,0.79100000,0.52800000
0.80941004,0.79100000,0.52766667
0.80962539,0.79066667,0.52766667
0.80962855,0.79033333,0.52766667
0.80964518,0.79033333,0.52733333
0.80969632,0.79000000,0.52733333
0.80995983,0.79000000,0.52700000
0.81001043,0.79000000,0.52666667
0.81002432,0.78966667,0.52666667
0.81012261,0.78966667,0.52633333
0.81016433,0.78966667,0.52600000
0.81026024,0.78966667,0.52566667
0.81027377,0.78966667,0.52533333
0.81028044,0.78966667,0.52500000
0.81049919,0.78933333,0.52500000
0.81059098,0.78933333,0.52466667
0.81062949,0.78900000,0.52466667
0.81066477,0.78900000,0.52433333
0.81067050,0.78866667,0.52433333
0.81073475,0.78833333,0.52433333
0.81076157,0.78800000,0.52433333
0.81088001,0.78800000,0.52400000
0.81107199,0.78766667,0.52400000
0.81129330,0.78733333,0.52400000
0.81137723,0.78700000,0.52400000
0.81140321,0.78666667,0.52400000
0.81142706,0.78633333,0.52400000
0.81143147,0.78633333,0.52366667
0.81145787,0.78633333,0.52333333
0.81157100,0.78633333,0.52300000
0.81164330,0.78633333,0.52266667
0.81165731,0.78633333,0.52233333
0.81167400,0.78633333,0.52200000
0.81169260,0.78633333,0.52166667
0.81176281,0.78633333,0.52133333
0.81183302,0.78633333,0.52100000
0.81186008,0.78600000,0.52100000
0.81198651,0.78566667,0.52100000
0.81199324,0.78566667,0.52066667
0.81200916,0.78533333,0.52066667
0.81206858,0.78500000,0.52066667
0.81224573,0.78466667,0.52066667
0.81240112,0.78433333,0.52066667
0.81245649,0.78400000,0.52066667
0.81251180,0.78400000,0.52033333
0.81286490,0.78400000,0.52000000
0.81288254,0.78400000,0.51966667
0.81291604,0.78400000,0.51933333
0.81293333,0.78366667,0.51933333
0.81308258,0.78366667,0.51900000
0.81319475,0.78333333,0.51900000
0.81337047,0.78300000,0.51900000
0.81339097,0.78300000,0.51866667
0.81342632,0.78266667,0.51866667
0.81347823,0.78233333,0.51866667
0.81363285,0.78233333,0.51833333
0.81364214,0.78233333,0.51800000
0.81367272,0.78233333,0.51766667
0.81411707,0.78233333,0.51733333
0.81413853,0.78233333,0.51700000
0.81427813,0.78233333,0.51666667
0.81428689,0.78233333,0.51633333
0.81439292,0.78233333,0.51600000
0.81448561,0.78200000,0.51600000
0.81449699,0.78166667,0.51600000
0.81450844,0.78133333,0.51600000
0.81451279,0.78100000,0.51600000
0.81455827,0.78100000,0.51566667
0.81463319,0.78100000,0.51533333
0.81468266,0.78100000,0.51500000
0.81472814,0.78100000,0.51466667
0.81501520,0.78100000,0.51433333
0.81504649,0.78066667,0.51433333
0.81510139,0.78033333,0.51433333
0.81515282,0.78033333,0.51400000
0.81528944,0.78033333,0.51366667
0.81534177,0.78033333,0.51333333
0.81538546,0.78000000,0.51333333
0.81553233,0.78000000,0.51300000
0.81554759,0.77966667,0.51300000
0.81556618,0.77933333,0.51300000
0.81561428,0.77900000,0.51300000
0.81567746,0.77866667,0.51300000
0.81577003,0.77866667,0.51266667
0.81577450,0.77833333,0.51266667
0.81585145,0.77833333,0.51233333
0.81585777,0.77833333,0.51200000
0.81587088,0.77833333,0.51166667
0.81602430,0.77800000,0.51166667
0.81608880,0.77766667,0.51166667
0.81610495,0.77733333,0.51166667
0.81611836,0.77733333,0.51133333
0.81620312,0.77700000,0.51133333
0.81626093,0.77666667,0.51133333
0.81645697,0.77633333,0.51133333
0.81696403,0.77633333,0.51100000
0.81701928,0.77633333,0.51066667
0.81721222,0.77633333,0.51033333
0.81728005,0.77600000,0.51033333
0.81731343,0.77566667,0.51033333
0.81746811,0.77566667,0.51000000
0.81748211,0.77533333,0.51000000
0.81758583,0.77500000,0.51000000
0.81758761,0.77500000,0.50966667
0.81764650,0.77500000,0.50933333
0.81775403,0.77466667,0.50933333
0.81789970,0.77466667,0.50900000
0.81790042,0.77433333,0.50900000
0.81793594,0.77400000,0.50900000
0.81795263,0.77366667,0.50900000
0.81801569,0.77333333,0.50900000
0.81820464,0.77333333,0.50866667
0.81821245,0.77333333,0.50833333
0.81836385,0.77300000,0.50833333
0.81840074,0.77300000,0.50800000
0.81840801,0.77266667,0.50800000
0.81842136,0.77233333,0.50800000
0.81844038,0.77200000,0.50800000
0.81844670,0.77200000,0.50766667
0.81860310,0.77166667,0.50766667
0.81870568,0.77133333,0.50766667
0.81876361,0.77100000,0.50766667
0.81883138,0.77100000,0.50733333
0.81884921,0.77100000,0.50700000
0.81909645,0.77066667,0.50700000
0.81926441,0.77066667,0.50666667
0.81931436,0.77066667,0.50633333
0.81939191,0.77066667,0.50600000
0.81958795,0.77066667,0.50566667
0.81995428,0.77066667,0.50533333
0.81995958,0.77033333,0.50533333
0.82003480,0.77033333,0.50500000
0.82017976,0.77033333,0.50466667
0.82025003,0.77000000,0.50466667
0.82033300,0.77000000,0.50433333
0.82052130,0.77000000,0.50400000
0.82067811,0.76966667,0.50400000
0.82069707,0.76966667,0.50366667
0.82070744,0.76933333,0.50366667
0.82079363,0.76900000,0.50366667
0.82094657,0.76900000,0.50333333
0.82101458,0.76866667,0.50333333
0.82121891,0.76866667,0.50300000
0.82134247,0.76866667,0.50266667
0.82134694,0.76866667,0.50233333
0.82141149,0.76866667,0.50200000
0.82162106,0.76833333,0.50200000
0.82168084,0.76833333,0.50166667
0.82174432,0.76800000,0.50166667
0.82178998,0.76800000,0.50133333
0.82183921,0.76766667,0.50133333
0.82190681,0.76733333,0.50133333
0.82195193,0.76733333,0.50100000
0.82209849,0.76733333,0.50066667
0.82218564,0.76733333,0.50033333
0.82231003,0.76733333,0.50000000
0.82240087,0.76700000,0.50000000
0.82240391,0.76666667,0.50000000
0.82247818,0.76666667,0.49966667
0.82253021,0.76666667,0.49933333
0.82276070,0.76633333,0.49933333
0.82281983,0.76633333,0.49900000
0.82286978,0.76633333,0.49866667
0.82299054,0.76600000,0.49866667
0.82303727,0.76600000,0.49833333
0.82305831,0.76600000,0.49800000
0.82306528,0.76566667,0.49800000
0.82308686,0.76533333,0.49800000
0.82314622,0.76533333,0.49766667
0.82320678,0.76533333,0.49733333
0.82322627,0.76500000,0.49733333
0.82329690,0.76500000,0.49700000
0.82332110,0.76500000,0.49666667
0.82340705,0.76500000,0.49633333
0.82341409,0.76466667,0.49633333
0.82342142,0.76466667,0.49600000
0.82348502,0.76466667,0.49566667
0.82348716,0.76466667,0.49533333
0.82351220,0.76433333,0.49533333
0.82354045,0.76433333,0.49500000
0.82355666,0.76433333,0.49466667
0.82374507,0.76400000,0.49466667
0.82376146,0.76400000,0.49433333
0.82392067,0.76400000,0.49400000
0.82395458,0.76366667,0.49400000
0.82406956,0.76333333,0.49400000
0.82435304,0.76333333,0.49366667
0.82438481,0.76333333,0.49333333
0.82441527,0.76333333,0.49300000
0.82441753,0.76333333,0.49266667
0.82446933,0.76333333,0.49233333
0.82448280,0.76300000,0.49233333
0.82451952,0.76266667,0.49233333
0.82456231,0.76233333,0.49233333
0.82466596,0.76233333,0.49200000
0.82466650,0.76200000,0.49200000
0.82467300,0.76166667,0.49200000
0.82475525,0.76166667,0.49166667
0.82477075,0.76133333,0.49166667
0.82479542,0.76133333,0.49133333
0.82482862,0.76133333,0.49100000
0.82490826,0.76100000,0.49100000
0.82502484,0.76100000,0.49066667
0.82504290,0.76066667,0.49066667
0.82529378,0.76033333,0.49066667
0.82532501,0.76033333,0.49033333
0.82551563,0.76000000,0.49033333
0.82552564,0.75966667,0.49033333
0.82570243,0.75933333,0.49033333
0.82574505,0.75900000,0.49033333
0.82574928,0.75900000,0.49000000
0.82577842,0.75866667,0.49000000
0.82583266,0.75866667,0.48966667
0.82594430,0.75866667,0.48933333
0.82595235,0.75866667,0.48900000
0.82598597,0.75866667,0.48866667
0.82603824,0.75833333,0.48866667
0.82616746,0.75833333,0.48833333
0.82618785,0.75833333,0.48800000
0.82622969,0.75833333,0.48766667
0.82626134,0.75833333,0.48733333
0.82636106,0.75833333,0.48700000
0.82675010,0.75800000,0.48700000
0.82684922,0.75766667,0.48700000
0.82690871,0.75766667,0.48666667
0.82700098,0.75733333,0.48666667
0.82708377,0.75733333,0.48633333
0.82711172,0.75700000,0.48633333
0.82715118,0.75700000,0.48600000
0.82723433,0.75700000,0.48566667
0.82725012,0.75700000,0.48533333
0.82731009,0.75666667,0.48533333
0.82734847,0.75633333,0.48533333
0.82739222,0.75600000,0.48533333
0.82743990,0.75566667,0.48533333
0.82770395,0.75533333,0.48533333
0.82773608,0.75500000,0.48533333
0.82777065,0.75500000,0.48500000
0.82779408,0.75500000,0.48466667
0.82787317,0.75500000,0.48433333
0.82802415,0.75466667,0.48433333
0.82802641,0.75466667,0.48400000
0.82803303,0.75466667,0.48366667
0.82803404,0.75433333,0.48366667
0.82822329,0.75400000,0.48366667
0.82827109,0.75400000,0.48333333
0.82833654,0.75366667,0.48333333
0.82844472,0.75333333,0.48333333
0.82846391,0.75333333,0.48300000
0.82849181,0.75333333,0.48266667
0.82851374,0.75333333,0.48233333
0.82851446,0.75333333,0.48200000
0.82852900,0.75333333,0.48166667
0.82861686,0.75333333,0.48133333
0.82862949,0.75333333,0.48100000
0.82874942,0.75300000,0.48100000
0.82889777,0.75300000,0.48066667
0.82893497,0.75266667,0.48066667
0.82903975,0.75266667,0.48033333
0.82907146,0.75266667,0.48000000
0.82910824,0.75266667,0.47966667
0.82917488,0.75266667,0.47933333
0.82918549,0.75233333,0.47933333
0.82928413,0.75200000,0.47933333
0.82935417,0.75166667,0.47933333
0.82935524,0.75133333,0.47933333
0.82936496,0.75133333,0.47900000
0.82940191,0.75100000,0.47900000
0.82964694,0.75100000,0.47866667
0.82968318,0.75100000,0.47833333
0.82972264,0.75100000,0.47800000
0.82986099,0.75100000,0.47766667
0.83000427,0.75066667,0.47766667
0.83007419,0.75066667,0.47733333
0.83013135,0.75033333,0.47733333
0.83018386,0.75033333,0.47700000
0.83022153,0.75000000,0.47700000
0.83022934,0.75000000,0.47666667
0.83025521,0.75000000,0.47633333
0.83026618,0.74966667,0.47633333
0.83027917,0.74933333,0.47633333
0.83044571,0.74933333,0.47600000
0.83046031,0.74933333,0.47566667
0.83048236,0.74900000,0.47566667
0.83048850,0.74866667,0.47566667
0.83051646,0.74866667,0.47533333
0.83054006,0.74866667,0.47500000
0.83060163,0.74866667,0.47466667
0.83063704,0.74833333,0.47466667
0.83064520,0.74833333,0.47433333
0.83069062,0.74833333,0.47400000
0.83069694,0.74833333,0.47366667
0.83075845,0.74800000,0.47366667
0.83081120,0.74766667,0.47366667
0.83083296,0.74766667,0.47333333
0.83091676,0.74733333,0.47333333
0.83095002,0.74700000,0.47333333
0.83097935,0.74666667,0.47333333
0.83104855,0.74633333,0.47333333
0.83106613,0.74633333,0.47300000
0.83111471,0.74633333,0.47266667
0.83115017,0.74600000,0.47266667
0.83127677,0.74566667,0.47266667
0.83134031,0.74533333,0.47266667
0.83141965,0.74533333,0.47233333
0.83145308,0.74533333,0.47200000
0.83152610,0.74533333,0.47166667
0.83153415,0.74533333,0.47133333
0.83154571,0.74533333,0.47100000
0.83159828,0.74533333,0.47066667
0.83160287,0.74500000,0.47066667
0.83166450,0.74466667,0.47066667
0.83172780,0.74433333,0.47066667
0.83173770,0.74400000,0.47066667
0.83174020,0.74366667,0.47066667
0.83183634,0.74366667,0.47033333
0.83194029,0.74333333,0.47033333
0.83194590,0.74333333,0.47000000
0.83198208,0.74333333,0.46966667
0.83203554,0.74300000,0.46966667
0.83217722,0.74300000,0.46933333
0.83229709,0.74300000,0.46900000
0.83244836,0.74300000,0.46866667
0.83247209,0.74300000,0.46833333
0.83248663,0.74300000,0.46800000
0.83259666,0.74266667,0.46800000
0.83262122,0.74266667,0.46766667
0.83265781,0.74233333,0.46766667
0.83277547,0.74233333,0.46733333
0.83291769,0.74200000,0.46733333
0.83297938,0.74200000,0.46700000
0.83301830,0.74200000,0.46666667
0.83304203,0.74200000,0.46633333
0.83305645,0.74200000,0.46600000
0.83307290,0.74166667,0.46600000
0.83320379,0.74166667,0.46566667
0.83323324,0.74166667,0.46533333
0.83328098,0.74133333,0.46533333
0.83331251,0.74133333,0.46500000
0.83335406,0.74100000,0.46500000
0.83338064,0.74066667,0.46500000
0.83340132,0.74033333,0.46500000
0.83343303,0.74000000,0.46500000
0.83348435,0.73966667,0.46500000
0.83348536,0.73933333,0.46500000
0.83373564,0.73933333,0.46466667
0.83374685,0.73933333,0.46433333
0.83379138,0.73933333,0.46400000
0.83387804,0.73900000,0.46400000
0.83389282,0.73866667,0.46400000
0.83393371,0.73833333,0.46400000
0.83410382,0.73833333,0.46366667
0.83410585,0.73833333,0.46333333
0.83411604,0.73833333,0.46300000
0.83413410,0.73833333,0.46266667
0.83413565,0.73833333,0.46233333
0.83425808,0.73800000,0.46233333
0.83449018,0.73800000,0.46200000
0.83469725,0.73766667,0.46200000
0.83477759,0.73766667,0.46166667
0.83484769,0.73766667,0.46133333
0.83493477,0.73733333,0.46133333
0.83493662,0.73733333,0.46100000
0.83499742,0.73733333,0.46066667
0.83502281,0.73733333,0.46033333
0.83507681,0.73733333,0.46000000
0.83512449,0.73733333,0.45966667
0.83514714,0.73700000,0.45966667
0.83524168,0.73700000,0.45933333
0.83524901,0.73700000,0.45900000
0.83538151,0.73700000,0.45866667
0.83544111,0.73666667,0.45866667
0.83549178,0.73666667,0.45833333
0.83567113,0.73633333,0.45833333
0.83574444,0.73600000,0.45833333
0.83589876,0.73566667,0.45833333
0.83593965,0.73566667,0.45800000
0.83599877,0.73533333,0.45800000
0.83606088,0.73533333,0.45766667
0.83606529,0.73533333,0.45733333
0.83608532,0.73500000,0.45733333
0.83611298,0.73466667,0.45733333
0.83614749,0.73466667,0.45700000
0.83626521,0.73433333,0.45700000
0.83630145,0.73433333,0.45666667
0.83633268,0.73400000,0.45666667
0.83635104,0.73400000,0.45633333
0.83636254,0.73366667,0.45633333
0.83636433,0.73366667,0.45600000
0.83641219,0.73333333,0.45600000
0.83645940,0.73333333,0.45566667
0.83647943,0.73300000,0.45566667
0.83661866,0.73300000,0.45533333
0.83664048,0.73266667,0.45533333
0.83664131,0.73233333,0.45533333
0.83668983,0.73233333,0.45500000
0.83669931,0.73233333,0.45466667
0.83669955,0.73200000,0.45466667
0.83675826,0.73200000,0.45433333
0.83677423,0.73200000,0.45400000
0.83680201,0.73200000,0.45366667
0.83685458,0.73200000,0.45333333
0.83689934,0.73200000,0.45300000
0.83719230,0.73200000,0.45266667
0.83727849,0.73200000,0.45233333
0.83728278,0.73166667,0.45233333
0.83734155,0.73166667,0.45200000
0.83744633,0.73133333,0.45200000
0.83746034,0.73133333,0.45166667
0.83746159,0.73133333,0.45133333
0.83746290,0.73100000,0.45133333
0.83746421,0.73100000,0.45100000
0.83748740,0.73066667,0.45100000
0.83756250,0.73033333,0.45100000
0.83758891,0.73033333,0.45066667
0.83763123,0.73033333,0.45033333
0.83765960,0.73033333,0.45000000
0.83765996,0.73033333,0.44966667
0.83768189,0.73000000,0.44966667
0.83773339,0.72966667,0.44966667
0.83782941,0.72933333,0.44966667
0.83787942,0.72933333,0.44933333
0.83789837,0.72933333,0.44900000
0.83796620,0.72933333,0.44866667
0.83798707,0.72933333,0.44833333
0.83801472,0.72933333,0.44800000
0.83802021,0.72900000,0.44800000
0.83812356,0.72900000,0.44766667
0.83821553,0.72900000,0.44733333
0.83838689,0.72900000,0.44700000
0.83840758,0.72866667,0.44700000
0.83845872,0.72866667,0.44666667
0.83846033,0.72866667,0.44633333
0.83849287,0.72833333,0.44633333
0.83849382,0.72833333,0.44600000
0.83852756,0.72833333,0.44566667
0.83856040,0.72800000,0.44566667
0.83859414,0.72766667,0.44566667
0.83879262,0.72766667,0.44533333
0.83880186,0.72766667,0.44500000
0.83882356,0.72733333,0.44500000
0.83885598,0.72733333,0.44466667
0.83886236,0.72733333,0.44433333
0.83886939,0.72700000,0.44433333
0.83894044,0.72700000,0.44400000
0.83905590,0.72700000,0.44366667
0.83905965,0.72666667,0.44366667
0.83908218,0.72633333,0.44366667
0.83914602,0.72600000,0.44366667
0.83914924,0.72600000,0.44333333
0.83918440,0.72600000,0.44300000
0.83919907,0.72566667,0.44300000
0.83925188,0.72533333,0.44300000
0.83930552,0.72533333,0.44266667
0.83940750,0.72533333,0.44233333
0.83947152,0.72500000,0.44233333
0.83951163,0.72466667,0.44233333
0.83957678,0.72433333,0.44233333
0.83957839,0.72400000,0.44233333
0.83961862,0.72400000,0.44200000
0.83965099,0.72400000,0.44166667
0.83965135,0.72366667,0.44166667
0.83966035,0.72366667,0.44133333
0.83968151,0.72366667,0.44100000
0.83973318,0.72333333,0.44100000
0.83980834,0.72333333,0.44066667
0.83985180,0.72300000,0.44066667
0.83989310,0.72300000,0.44033333
0.83991838,0.72300000,0.44000000
0.84000885,0.72266667,0.44000000
0.84005934,0.72233333,0.44000000
0.84021628,0.72200000,0.44000000
0.84039974,0.72166667,0.44000000
0.84041357,0.72133333,0.44000000
0.84041584,0.72133333,0.43966667
0.84052622,0.72100000,0.43966667
0.84061199,0.72100000,0.43933333
0.84062588,0.72066667,0.43933333
0.84067690,0.72033333,0.43933333
0.84069246,0.72033333,0.43900000
0.84081769,0.72033333,0.43866667
0.84087938,0.72033333,0.43833333
0.84092712,0.72000000,0.43833333
0.84102112,0.71966667,0.43833333
0.84103149,0.71966667,0.43800000
0.84124672,0.71933333,0.43800000
0.84126353,0.71933333,0.43766667
0.84135449,0.71933333,0.43733333
0.84145623,0.71933333,0.43700000
0.84146976,0.71933333,0.43666667
0.84154534,0.71900000,0.43666667
0.84159476,0.71900000,0.43633333
0.84162641,0.71866667,0.43633333
0.84165365,0.71866667,0.43600000
0.84172565,0.71866667,0.43566667
0.84173357,0.71866667,0.43533333
0.84181857,0.71866667,0.43500000
0.84188116,0.71866667,0.43466667
0.84198487,0.71866667,0.43433333
0.84201562,0.71866667,0.43400000
0.84209079,0.71833333,0.43400000
0.84219825,0.71800000,0.43400000
0.84221935,0.71766667,0.43400000
0.84226906,0.71733333,0.43400000
0.84228277,0.71733333,0.43366667
0.84235567,0.71700000,0.43366667
0.84238839,0.71666667,0.43366667
0.84242409,0.71633333,0.43366667
0.84248590,0.71633333,0.43333333
0.84253192,0.71600000,0.43333333
0.84254885,0.71600000,0.43300000
0.84255254,0.71566667,0.43300000
0.84262842,0.71566667,0.43266667
0.84281486,0.71533333,0.43266667
0.84287691,0.71500000,0.43266667
0.84288979,0.71500000,0.43233333
0.84314787,0.71500000,0.43200000
0.84325647,0.71500000,0.43166667
0.84329361,0.71500000,0.43133333
0.84333646,0.71466667,0.43133333
0.84335130,0.71466667,0.43100000
0.84352839,0.71466667,0.43066667
0.84364939,0.71433333,0.43066667
0.84368116,0.71433333,0.43033333
0.84369683,0.71433333,0.43000000
0.84369993,0.71400000,0.43000000
0.84371144,0.71366667,0.43000000
0.84373254,0.71333333,0.43000000
0.84376216,0.71333333,0.42966667
0.84380591,0.71333333,0.42933333
0.84381270,0.71333333,0.42900000
0.84386253,0.71300000,0.42900000
0.84389973,0.71300000,0.42866667
0.84398913,0.71300000,0.42833333
0.84400082,0.71266667,0.42833333
0.84401101,0.71266667,0.42800000
0.84406459,0.71233333,0.42800000
0.84415209,0.71200000,0.42800000
0.84429997,0.71166667,0.42800000
0.84436095,0.71166667,0.42766667
0.84439081,0.71133333,0.42766667
0.84446663,0.71133333,0.42733333
0.84448481,0.71100000,0.42733333
0.84453249,0.71100000,0.42700000
0.84455377,0.71100000,0.42666667
0.84459054,0.71066667,0.42666667
0.84460723,0.71066667,0.42633333
0.84462953,0.71066667,0.42600000
0.84463358,0.71033333,0.42600000
0.84464723,0.71033333,0.42566667
0.84466213,0.71000000,0.42566667
0.84471679,0.71000000,0.42533333
0.84484881,0.70966667,0.42533333
0.84493071,0.70966667,0.42500000
0.84494007,0.70966667,0.42466667
0.84496617,0.70933333,0.42466667
0.84507304,0.70933333,0.42433333
0.84508634,0.70900000,0.42433333
0.84511548,0.70900000,0.42400000
0.84515917,0.70866667,0.42400000
0.84535909,0.70866667,0.42366667
0.84537089,0.70866667,0.42333333
0.84538680,0.70866667,0.42300000
0.84552872,0.70866667,0.42266667
0.84553099,0.70866667,0.42233333
0.84566849,0.70833333,0.42233333
0.84573507,0.70800000,0.42233333
0.84575415,0.70766667,0.42233333
0.84579504,0.70733333,0.42233333
0.84588182,0.70700000,0.42233333
0.84592235,0.70666667,0.42233333
0.84607977,0.70633333,0.42233333
0.84610373,0.70600000,0.42233333
0.84611452,0.70600000,0.42200000
0.84613097,0.70566667,0.42200000
0.84614205,0.70566667,0.42166667
0.84617889,0.70566667,0.42133333
0.84623110,0.70533333,0.42133333
0.84625524,0.70500000,0.42133333
0.84625739,0.70500000,0.42100000
0.84627402,0.70466667,0.42100000
0.84628576,0.70466667,0.42066667
0.84663832,0.70466667,0.42033333
0.84666812,0.70433333,0.42033333
0.84672713,0.70400000,0.42033333
0.84679365,0.70400000,0.42000000
0.84684563,0.70366667,0.42000000
0.84684914,0.70366667,0.41966667
0.84701967,0.70366667,0.41933333
0.84705591,0.70333333,0.41933333
0.84711242,0.70300000,0.41933333
0.84713006,0.70266667,0.41933333
0.84719813,0.70266667,0.41900000
0.84720743,0.70233333,0.41900000
0.84728163,0.70233333,0.41866667
0.84731847,0.70233333,0.41833333
0.84733415,0.70233333,0.41800000
0.84738129,0.70233333,0.41766667
0.84748471,0.70200000,0.41766667
0.84755868,0.70200000,0.41733333
0.84756881,0.70200000,0.41700000
0.84759134,0.70166667,0.41700000
0.84769034,0.70133333,0.41700000
0.84776121,0.70100000,0.41700000
0.84776616,0.70066667,0.41700000
0.84777713,0.70066667,0.41666667
0.84780657,0.70066667,0.41633333
0.84785050,0.70066667,0.41600000
0.84787881,0.70033333,0.41600000
0.84800512,0.70000000,0.41600000
0.84808761,0.69966667,0.41600000
0.84821808,0.69966667,0.41566667
0.84835243,0.69933333,0.41566667
0.84845567,0.69933333,0.41533333
0.84861267,0.69933333,0.41500000
0.84861284,0.69933333,0.41466667
0.84864652,0.69900000,0.41466667
0.84876007,0.69900000,0.41433333
0.84876806,0.69900000,0.41400000
0.84884632,0.69900000,0.41366667
0.84885669,0.69900000,0.41333333
0.84888065,0.69866667,0.41333333
0.84889829,0.69833333,0.41333333
0.84895158,0.69800000,0.41333333
0.84908515,0.69800000,0.41300000
0.84913260,0.69766667,0.41300000
0.84916151,0.69733333,0.41300000
0.84917903,0.69700000,0.41300000
0.84921026,0.69700000,0.41266667
0.84935170,0.69700000,0.41233333
0.84937406,0.69666667,0.41233333
0.84957433,0.69633333,0.41233333
0.84957504,0.69633333,0.41200000
0.84960300,0.69600000,0.41200000
0.84967637,0.69600000,0.41166667
0.84973264,0.69600000,0.41133333
0.84973592,0.69566667,0.41133333
0.84978545,0.69566667,0.41100000
0.85003352,0.69533333,0.41100000
0.85005927,0.69533333,0.41066667
0.85016602,0.69533333,0.41033333
0.85018122,0.69500000,0.41033333
0.85023808,0.69466667,0.41033333
0.85028702,0.69433333,0.41033333
0.85029066,0.69433333,0.41000000
0.85030097,0.69400000,0.41000000
0.85035121,0.69400000,0.40966667
0.85036218,0.69366667,0.40966667
0.85039532,0.69333333,0.40966667
0.85044062,0.69333333,0.40933333
0.85052752,0.69333333,0.40900000
0.85062730,0.69333333,0.40866667
0.85067773,0.69333333,0.40833333
0.85070634,0.69300000,0.40833333
0.85070795,0.69300000,0.40800000
0.85084033,0.69266667,0.40800000
0.85089552,0.69233333,0.40800000
0.85092998,0.69233333,0.40766667
0.85105932,0.69233333,0.40733333
0.85113227,0.69233333,0.40700000
0.85116428,0.69233333,0.40666667
0.85139710,0.69200000,0.40666667
0.85144150,0.69200000,0.40633333
0.85145164,0.69200000,0.40600000
0.85145772,0.69200000,0.40566667
0.85151815,0.69200000,0.40533333
0.85153097,0.69200000,0.40500000
0.85154974,0.69200000,0.40466667
0.85159028,0.69200000,0.40433333
0.85159171,0.69200000,0.40400000
0.85160649,0.69200000,0.40366667
0.85166693,0.69200000,0.40333333
0.85171938,0.69166667,0.40333333
0.85176980,0.69166667,0.40300000
0.85179400,0.69166667,0.40266667
0.85183883,0.69133333,0.40266667
0.85191399,0.69133333,0.40233333
0.85197330,0.69133333,0.40200000
0.85198081,0.69100000,0.40200000
0.85201597,0.69100000,0.40166667
0.85205013,0.69100000,0.40133333
0.85206676,0.69100000,0.40100000
0.85222101,0.69100000,0.40066667
0.85225701,0.69100000,0.40033333
0.85225761,0.69100000,0.40000000
0.85239184,0.69066667,0.40000000
0.85247529,0.69066667,0.39966667
0.85248572,0.69066667,0.39933333
0.85248840,0.69066667,0.39900000
0.85248852,0.69066667,0.39866667
0.85251248,0.69033333,0.39866667
0.85253620,0.69033333,0.39833333
0.85255837,0.69033333,0.39800000
0.85261655,0.69033333,0.39766667
0.85262620,0.69000000,0.39766667
0.85265255,0.68966667,0.39766667
0.85269308,0.68966667,0.39733333
0.85277462,0.68933333,0.39733333
0.85277736,0.68900000,0.39733333
0.85282344,0.68866667,0.39733333
0.85283405,0.68833333,0.39733333
0.85289669,0.68833333,0.39700000
0.85290992,0.68800000,0.39700000
0.85292602,0.68800000,0.39666667
0.85293996,0.68800000,0.39633333
0.85294050,0.68800000,0.39600000
0.85294819,0.68800000,0.39566667
0.85295999,0.68766667,0.39566667
0.85300356,0.68766667,0.39533333
0.85305631,0.68733333,0.39533333
0.85309017,0.68733333,0.39500000
0.85311043,0.68733333,0.39466667
0.85311860,0.68666667,0.39466667
0.85318947,0.68666667,0.39433333
0.85321522,0.68666667,0.39400000
0.85324389,0.68633333,0.39400000
0.85326713,0.68633333,0.39366667
0.85330802,0.68633333,0.39333333
0.85351121,0.68633333,0.39300000
0.85357410,0.68600000,0.39300000
0.85369337,0.68566667,0.39300000
0.85374427,0.68566667,0.39266667
0.85380304,0.68566667,0.39233333
0.85391641,0.68566667,0.39200000
0.85396206,0.68566667,0.39166667
0.85396242,0.68566667,0.39133333
0.85397166,0.68566667,0.39100000
0.85414284,0.68533333,0.39100000
0.85416520,0.68500000,0.39100000
0.85416847,0.68466667,0.39100000
0.85421515,0.68466667,0.39066667
0.85427570,0.68466667,0.39033333
0.85440314,0.68433333,0.39033333
0.85447544,0.68400000,0.39033333
0.85448569,0.68400000,0.39000000
0.85450321,0.68366667,0.39000000
0.85460162,0.68366667,0.38966667
0.85461658,0.68366667,0.38933333
0.85464358,0.68333333,0.38933333
0.85474026,0.68300000,0.38933333
0.85477298,0.68266667,0.38933333
0.85478306,0.68233333,0.38933333
0.85487968,0.68200000,0.38933333
0.85492891,0.68200000,0.38900000
0.85495019,0.68166667,0.38900000
0.85500270,0.68166667,0.38866667
0.85500896,0.68166667,0.38833333
0.85502732,0.68166667,0.38800000
0.85502917,0.68166667,0.38766667
0.85503513,0.68133333,0.38766667
0.85505885,0.68100000,0.38766667
0.85510463,0.68066667,0.38766667
0.85514891,0.68033333,0.38766667
0.85515058,0.68000000,0.38766667
0.85523891,0.68000000,0.38733333
0.85531104,0.68000000,0.38700000
0.85539925,0.67966667,0.38700000
0.85540241,0.67933333,0.38700000
0.85551047,0.67933333,0.38666667
0.85566282,0.67900000,0.38666667
0.85575128,0.67900000,0.38633333
0.85577905,0.67900000,0.38600000
0.85582876,0.67900000,0.38566667
0.85585177,0.67866667,0.38566667
0.85586369,0.67866667,0.38533333
0.85598862,0.67866667,0.38500000
0.85600138,0.67833333,0.38500000
0.85602444,0.67833333,0.38466667
0.85606563,0.67800000,0.38466667
0.85607451,0.67766667,0.38466667
0.85611629,0.67733333,0.38466667
0.85614759,0.67700000,0.38466667
0.85616356,0.67666667,0.38466667
0.85617316,0.67666667,0.38433333
0.85617673,0.67633333,0.38433333
0.85618466,0.67600000,0.38433333
0.85635501,0.67566667,0.38433333
0.85636926,0.67566667,0.38400000
0.85658526,0.67566667,0.38366667
0.85662115,0.67533333,0.38366667
0.85664403,0.67500000,0.38366667
0.85676980,0.67500000,0.38333333
0.85679728,0.67466667,0.38333333
0.85680866,0.67466667,0.38300000
0.85681224,0.67466667,0.38266667
0.85683018,0.67433333,0.38266667
0.85701966,0.67433333,0.38233333
0.85702097,0.67433333,0.38200000
0.85709864,0.67433333,0.38166667
0.85712421,0.67400000,0.38166667
0.85731876,0.67400000,0.38133333
0.85737526,0.67400000,0.38100000
0.85744894,0.67400000,0.38066667
0.85745049,0.67400000,0.38033333
0.85748231,0.67400000,0.38000000
0.85750693,0.67366667,0.38000000
0.85751545,0.67366667,0.37966667
0.85752916,0.67333333,0.37966667
0.85772324,0.67333333,0.37933333
0.85778856,0.67333333,0.37900000
0.85779244,0.67333333,0.37866667
0.85781980,0.67300000,0.37866667
0.85794711,0.67266667,0.37866667
0.85794961,0.67266667,0.37833333
0.85797560,0.67266667,0.37800000
0.85799032,0.67233333,0.37800000
0.85800612,0.67200000,0.37800000
0.85804564,0.67200000,0.37766667
0.85808647,0.67200000,0.37733333
0.85827166,0.67200000,0.37700000
0.85834938,0.67166667,0.37700000
0.85840905,0.67166667,0.37666667
0.85841912,0.67133333,0.37666667
0.85844988,0.67100000,0.37666667
0.85847163,0.67100000,0.37633333
0.85854650,0.67100000,0.37600000
0.85858989,0.67066667,0.37600000
0.85872787,0.67066667,0.37566667
0.85879827,0.67033333,0.37566667
0.85884762,0.67000000,0.37566667
0.85895872,0.66966667,0.37566667
0.85908818,0.66933333,0.37566667
0.85909301,0.66933333,0.37533333
0.85914278,0.66933333,0.37500000
0.85916263,0.66900000,0.37500000
0.85917044,0.66900000,0.37466667
0.85917377,0.66900000,0.37433333
0.85927486,0.66866667,0.37433333
0.85931277,0.66833333,0.37400000
0.85931486,0.66833333,0.37366667
0.85934293,0.66800000,0.37366667
0.85938525,0.66800000,0.37333333
0.85944051,0.66766667,0.37333333
0.85949588,0.66733333,0.37333333
0.85955465,0.66733333,0.37300000
0.85955775,0.66700000,0.37300000
0.85956293,0.66666667,0.37300000
0.85964000,0.66633333,0.37300000
0.85967064,0.66600000,0.37300000
0.85967577,0.66600000,0.37266667
0.85967863,0.66566667,0.37266667
0.85971987,0.66533333,0.37266667
0.85976982,0.66500000,0.37266667
0.85978931,0.66500000,0.37233333
0.85979968,0.66500000,0.37200000
0.85980821,0.66500000,0.37166667
0.85984778,0.66500000,0.37133333
0.85984874,0.66500000,0.37100000
0.85987687,0.66500000,0.37066667
0.85990846,0.66500000,0.37033333
0.85994607,0.66500000,0.37000000
0.85995287,0.66500000,0.36966667
0.85999054,0.66500000,0.36933333
0.86000371,0.66500000,0.36900000
0.86003840,0.66500000,0.36866667
0.86007917,0.66500000,0.36833333
0.86016107,0.66500000,0.36800000
0.86016822,0.66466667,0.36800000
0.86021781,0.66466667,0.36766667
0.86024523,0.66466667,0.36733333
0.86025894,0.66466667,0.36700000
0.86040258,0.66433333,0.36700000
0.86042035,0.66433333,0.36666667
0.86063313,0.66400000,0.36666667
0.86067194,0.66366667,0.36666667
0.86070472,0.66333333,0.36666667
0.86072105,0.66300000,0.36666667
0.86073297,0.66266667,0.36666667
0.86079627,0.66233333,0.36666667
0.86079681,0.66233333,0.36633333
0.86093503,0.66200000,0.36633333
0.86099029,0.66200000,0.36600000
0.86102438,0.66200000,0.36566667
0.86103797,0.66200000,0.36533333
0.86109090,0.66166667,0.36533333
0.86118716,0.66166667,0.36500000
0.86125487,0.66166667,0.36466667
0.86129320,0.66166667,0.36433333
0.86133432,0.66166667,0.36400000
0.86138970,0.66133333,0.36400000
0.86149299,0.66133333,0.36366667
0.86157793,0.66100000,0.36366667
0.86167020,0.66100000,0.36333333
0.86167365,0.66100000,0.36300000
0.86171210,0.66066667,0.36300000
0.86196309,0.66033333,0.36300000
0.86200094,0.66033333,0.36266667
0.86200970,0.66000000,0.36266667
0.86204189,0.65966667,0.36266667
0.86208510,0.65933333,0.36266667
0.86209536,0.65900000,0.36266667
0.86213970,0.65866667,0.36266667
0.86233461,0.65866667,0.36233333
0.86262017,0.65866667,0.36200000
0.86265296,0.65866667,0.36166667
0.86276019,0.65866667,0.36133333
0.86282170,0.65866667,0.36100000
0.86286330,0.65833333,0.36100000
0.86291409,0.65800000,0.36100000
0.86291921,0.65766667,0.36100000
0.86296922,0.65766667,0.36066667
0.86313236,0.65733333,0.36066667
0.86318284,0.65733333,0.36033333
0.86333811,0.65733333,0.36000000
0.86337948,0.65733333,0.35966667
0.86339027,0.65733333,0.35933333
0.86340278,0.65700000,0.35933333
0.86352181,0.65700000,0.35900000
0.86369359,0.65666667,0.35900000
0.86374062,0.65666667,0.35866667
0.86377954,0.65633333,0.35866667
0.86378604,0.65633333,0.35833333
0.86392665,0.65633333,0.35800000
0.86394662,0.65600000,0.35800000
0.86399126,0.65600000,0.35766667
0.86405689,0.65566667,0.35766667
0.86409414,0.65566667,0.35733333
0.86419475,0.65533333,0.35733333
0.86424053,0.65500000,0.35733333
0.86426908,0.65500000,0.35700000
0.86427450,0.65500000,0.35666667
0.86427748,0.65466667,0.35666667
0.86428362,0.65466667,0.35633333
0.86435580,0.65466667,0.35600000
0.86438215,0.65433333,0.35600000
0.86450630,0.65433333,0.35566667
0.86465168,0.65433333,0.35533333
0.86468309,0.65400000,0.35533333
0.86469316,0.65400000,0.35500000
0.86469895,0.65366667,0.35500000
0.86481416,0.65366667,0.35466667
0.86483830,0.65333333,0.35466667
0.86486232,0.65300000,0.35466667
0.86489832,0.65300000,0.35433333
0.86491346,0.65300000,0.35400000
0.86495608,0.65266667,0.35400000
0.86495662,0.65233333,0.35400000
0.86501014,0.65233333,0.35366667
0.86501086,0.65233333,0.35333333
0.86507416,0.65233333,0.35300000
0.86514390,0.65200000,0.35300000
0.86519277,0.65200000,0.35266667
0.86526716,0.65166667,0.35266667
0.86527705,0.65166667,0.35233333
0.86535883,0.65166667,0.35200000
0.86540049,0.65166667,0.35166667
0.86541808,0.65133333,0.35166667
0.86552244,0.65100000,0.35166667
0.86553949,0.65066667,0.35166667
0.86557138,0.65066667,0.35133333
0.86565751,0.65033333,0.35133333
0.86568928,0.65033333,0.35100000
0.86574686,0.65000000,0.35100000
0.86582994,0.65000000,0.35066667
0.86583191,0.64966667,0.35066667
0.86593026,0.64933333,0.35066667
0.86595964,0.64900000,0.35066667
0.86605000,0.64866667,0.35066667
0.86611760,0.64833333,0.35066667
0.86614120,0.64833333,0.35033333
0.86621344,0.64833333,0.35000000
0.86625403,0.64833333,0.34966667
0.86639440,0.64833333,0.34933333
0.86639845,0.64833333,0.34900000
0.86641335,0.64800000,0.34900000
0.86654079,0.64800000,0.34866667
0.86657113,0.64766667,0.34866667
0.86667126,0.64766667,0.34833333
0.86669624,0.64766667,0.34800000
0.86684877,0.64733333,0.34800000
0.86697888,0.64700000,0.34800000
0.86698711,0.64666667,0.34800000
0.86702085,0.64666667,0.34766667
0.86707485,0.64666667,0.34733333
0.86708462,0.64666667,0.34700000
0.86708832,0.64633333,0.34700000
0.86712545,0.64600000,0.34700000
0.86715662,0.64566667,0.34700000
0.86716652,0.64566667,0.34666667
0.86723483,0.64533333,0.34666667
0.86730987,0.64533333,0.34633333
0.86731654,0.64533333,0.34600000
0.86739862,0.64533333,0.34566667
0.86745316,0.64533333,0.34533333
0.86765707,0.64500000,0.34533333
0.86767006,0.64466667,0.34533333
0.86773527,0.64466667,0.34500000
0.86789489,0.64433333,0.34500000
0.86792350,0.64433333,0.34466667
0.86809522,0.64433333,0.34433333
0.86814344,0.64400000,0.34433333
0.86815274,0.64400000,0.34400000
0.86816281,0.64400000,0.34366667
0.86827511,0.64366667,0.34366667
0.86831832,0.64333333,0.34366667
0.86838412,0.64300000,0.34366667
0.86840498,0.64266667,0.34366667
0.86842430,0.64233333,0.34366667
0.86844987,0.64233333,0.34333333
0.86849284,0.64233333,0.34300000
0.86852014,0.64200000,0.34300000
0.86855340,0.64200000,0.34266667
0.86861712,0.64166667,0.34266667
0.86863422,0.64133333,0.34266667
0.86865348,0.64133333,0.34233333
0.86872077,0.64133333,0.34200000
0.86881316,0.64133333,0.34166667
0.86896241,0.64133333,0.34133333
0.86898625,0.64100000,0.34133333
0.86899805,0.64066667,0.34133333
0.86900246,0.64066667,0.34100000
0.86903155,0.64033333,0.34100000
0.86913890,0.64000000,0.34100000
0.86918813,0.64000000,0.34066667
0.86923373,0.64000000,0.34033333
0.86931741,0.64000000,0.34000000
0.86936033,0.64000000,0.33966667
0.86943126,0.63966667,0.33966667
0.86947441,0.63933333,0.33966667
0.86948228,0.63933333,0.33933333
0.86949837,0.63900000,0.33933333
0.86968231,0.63900000,0.33900000
0.86969572,0.63900000,0.33866667
0.86969644,0.63900000,0.33833333
0.86973989,0.63866667,0.33833333
0.86974138,0.63866667,0.33800000
0.86980975,0.63833333,0.33800000
0.86983156,0.63800000,0.33800000
0.86989093,0.63766667,0.33800000
0.86989260,0.63733333,0.33800000
0.86990726,0.63733333,0.33766667
0.87001967,0.63700000,0.33766667
0.87020141,0.63700000,0.33733333
0.87026954,0.63666667,0.33733333
0.87027538,0.63666667,0.33700000
0.87039834,0.63633333,0.33700000
0.87051404,0.63600000,0.33700000
0.87056613,0.63566667,0.33700000
0.87068737,0.63566667,0.33666667
0.87071115,0.63566667,0.33633333
0.87075132,0.63533333,0.33633333
0.87081897,0.63533333,0.33600000
0.87084663,0.63500000,0.33600000
0.87088525,0.63466667,0.33600000
0.87091255,0.63466667,0.33566667
0.87093419,0.63466667,0.33533333
0.87094653,0.63433333,0.33533333
0.87114620,0.63400000,0.33533333
0.87115043,0.63366667,0.33533333
0.87115216,0.63333333,0.33533333
0.87122786,0.63333333,0.33500000
0.87127376,0.63333333,0.33466667
0.87128699,0.63333333,0.33433333
0.87134326,0.63333333,0.33400000
0.87136924,0.63300000,0.33400000
0.87143207,0.63300000,0.33366667
0.87149477,0.63300000,0.33333333
0.87151510,0.63300000,0.33300000
0.87153208,0.63300000,0.33266667
0.87171924,0.63300000,0.33233333
0.87173337,0.63300000,0.33200000
0.87178499,0.63300000,0.33166667
0.87183535,0.63300000,0.33133333
0.87183875,0.63300000,0.33100000
0.87190855,0.63300000,0.33066667
0.87194002,0.63266667,0.33066667
0.87195802,0.63266667,0.33033333
0.87199366,0.63266667,0.33000000
0.87200397,0.63233333,0.33000000
0.87202835,0.63200000,0.33000000
0.87206239,0.63166667,0.33000000
0.87207556,0.63166667,0.32966667
0.87209332,0.63133333,0.32966667
0.87214446,0.63133333,0.32933333
0.87219173,0.63133333,0.32900000
0.87221479,0.63100000,0.32900000
0.87225854,0.63100000,0.32866667
0.87228179,0.63066667,0.32866667
0.87232590,0.63066667,0.32833333
0.87232947,0.63033333,0.32833333
0.87234890,0.63033333,0.32800000
0.87241924,0.63000000,0.32800000
0.87244368,0.63000000,0.32766667
0.87245393,0.62966667,0.32766667
0.87248397,0.62966667,0.32733333
0.87252188,0.62933333,0.32733333
0.87263054,0.62900000,0.32733333
0.87270403,0.62866667,0.32733333
0.87273395,0.62866667,0.32700000
0.87284809,0.62833333,0.32700000
0.87296629,0.62833333,0.32666667
0.87297153,0.62800000,0.32666667
0.87302774,0.62800000,0.32633333
0.87303686,0.62800000,0.32600000
0.87311089,0.62800000,0.32566667
0.87315351,0.62766667,0.32566667
0.87316060,0.62766667,0.32533333
0.87316436,0.62733333,0.32533333
0.87317950,0.62733333,0.32500000
0.87319911,0.62733333,0.32466667
0.87320584,0.62733333,0.32433333
0.87320882,0.62733333,0.32400000
0.87321025,0.62700000,0.32400000
0.87323856,0.62700000,0.32366667
0.87324989,0.62666667,0.32366667
0.87327135,0.62666667,0.32333333
0.87343216,0.62633333,0.32333333
0.87343544,0.62633333,0.32300000
0.87347335,0.62600000,0.32300000
0.87352365,0.62600000,0.32266667
0.87357336,0.62566667,0.32266667
0.87361252,0.62566667,0.32233333
0.87362015,0.62533333,0.32233333
0.87362212,0.62500000,0.32233333
0.87375951,0.62500000,0.32200000
0.87376940,0.62466667,0.32200000
0.87379020,0.62433333,0.32200000
0.87385952,0.62433333,0.32166667
0.87390602,0.62433333,0.32133333
0.87395650,0.62433333,0.32100000
0.87402761,0.62400000,0.32100000
0.87403822,0.62400000,0.32066667
0.87413156,0.62366667,0.32066667
0.87413776,0.62366667,0.32033333
0.87416947,0.62366667,0.32000000
0.87423241,0.62366667,0.31966667
0.87423718,0.62333333,0.31966667
0.87435210,0.62333333,0.31933333
0.87438977,0.62333333,0.31900000
0.87457210,0.62333333,0.31866667
0.87457573,0.62333333,0.31833333
0.87463117,0.62300000,0.31833333
0.87469268,0.62300000,0.31800000
0.87471068,0.62266667,0.31800000
0.87472844,0.62266667,0.31766667
0.87477028,0.62266667,0.31733333
0.87489021,0.62233333,0.31733333
0.87495583,0.62200000,0.31733333
0.87500751,0.62166667,0.31733333
0.87506628,0.62166667,0.31700000
0.87506652,0.62166667,0.31666667
0.87509072,0.62166667,0.31633333
0.87514520,0.62166667,0.31600000
0.87519610,0.62166667,0.31566667
0.87524021,0.62133333,0.31566667
0.87531495,0.62100000,0.31566667
0.87538862,0.62066667,0.31566667
0.87540317,0.62033333,0.31566667
0.87543911,0.62033333,0.31533333
0.87544662,0.62033333,0.31500000
0.87550658,0.62033333,0.31466667
0.87551528,0.62033333,0.31433333
0.87561244,0.62033333,0.31400000
0.87562507,0.62033333,0.31366667
0.87565851,0.62000000,0.31366667
0.87570959,0.61966667,0.31366667
0.87578058,0.61966667,0.31333333
0.87592292,0.61966667,0.31300000
0.87592649,0.61966667,0.31266667
0.87593192,0.61966667,0.31233333
0.87594932,0.61966667,0.31200000
0.87611151,0.61933333,0.31200000
0.87615484,0.61900000,0.31200000
0.87619257,0.61866667,0.31200000
0.87619936,0.61866667,0.31166667
0.87619996,0.61866667,0.31133333
0.87629843,0.61833333,0.31133333
0.87633824,0.61833333,0.31100000
0.87640607,0.61833333,0.31066667
0.87642062,0.61833333,0.31033333
0.87660718,0.61833333,0.31000000
0.87662286,0.61800000,0.31000000
0.87665695,0.61800000,0.30966667
0.87673438,0.61766667,0.30966667
0.87678128,0.61733333,0.30966667
0.87680292,0.61733333,0.30933333
0.87684941,0.61733333,0.30900000
0.87687874,0.61700000,0.30900000
0.87695098,0.61666667,0.30900000
0.87695706,0.61633333,0.30900000
0.87706345,0.61600000,0.30900000
0.87708968,0.61600000,0.30866667
0.87720764,0.61600000,0.30833333
0.87723613,0.61600000,0.30800000
0.87724197,0.61566667,0.30800000
0.87724972,0.61566667,0.30766667
0.87730920,0.61533333,0.30766667
0.87735182,0.61533333,0.30733333
0.87735581,0.61500000,0.30733333
0.87736833,0.61500000,0.30700000
0.87739325,0.61466667,0.30700000
0.87739718,0.61433333,0.30700000
0.87741709,0.61400000,0.30700000
0.87742817,0.61366667,0.30700000
0.87746489,0.61333333,0.30700000
0.87746716,0.61333333,0.30666667
0.87748516,0.61333333,0.30633333
0.87748581,0.61333333,0.30600000
0.87750983,0.61333333,0.30566667
0.87753046,0.61300000,0.30566667
0.87753701,0.61300000,0.30533333
0.87755847,0.61300000,0.30500000
0.87757075,0.61266667,0.30500000
0.87758148,0.61266667,0.30466667
0.87759084,0.61266667,0.30433333
0.87760496,0.61233333,0.30433333
0.87763792,0.61200000,0.30433333
0.87763941,0.61166667,0.30433333
0.87772697,0.61133333,0.30433333
0.87772745,0.61100000,0.30433333
0.87774253,0.61066667,0.30433333
0.87797451,0.61033333,0.30433333
0.87797546,0.61000000,0.30433333
0.87799203,0.60966667,0.30433333
0.87800610,0.60933333,0.30433333
0.87806541,0.60933333,0.30400000
0.87809867,0.60900000,0.30400000
0.87810206,0.60900000,0.30366667
0.87821257,0.60866667,0.30366667
0.87821394,0.60833333,0.30366667
0.87824124,0.60800000,0.30366667
0.87831658,0.60766667,0.30366667
0.87838095,0.60766667,0.30333333
0.87839633,0.60766667,0.30300000
0.87850714,0.60733333,0.30300000
0.87850726,0.60700000,0.30300000
0.87852550,0.60700000,0.30266667
0.87852669,0.60666667,0.30266667
0.87858868,0.60633333,0.30266667
0.87858927,0.60600000,0.30266667
0.87859875,0.60600000,0.30233333
0.87873280,0.60600000,0.30200000
0.87873757,0.60600000,0.30166667
0.87875009,0.60566667,0.30166667
0.87879455,0.60533333,0.30166667
0.87883234,0.60500000,0.30166667
0.87889123,0.60466667,0.30166667
0.87898052,0.60433333,0.30166667
0.87898833,0.60400000,0.30166667
0.87901503,0.60366667,0.30166667
0.87906969,0.60366667,0.30133333
0.87910020,0.60366667,0.30100000
0.87910116,0.60333333,0.30100000
0.87912905,0.60333333,0.30066667
0.87931156,0.60300000,0.30066667
0.87934530,0.60266667,0.30066667
0.87936026,0.60266667,0.30033333
0.87953007,0.60266667,0.30000000
0.87953055,0.60233333,0.30000000
0.87961996,0.60200000,0.30000000
0.87962019,0.60200000,0.29966667
0.87973255,0.60166667,0.29966667
0.87982494,0.60166667,0.29933333
0.87982750,0.60133333,0.29933333
0.87983668,0.60100000,0.29933333
0.87985134,0.60100000,0.29900000
0.87985998,0.60100000,0.29866667
0.87989920,0.60066667,0.29866667
0.87992764,0.60066667,0.29833333
0.87993765,0.60033333,0.29833333
0.87994486,0.60033333,0.29800000
0.87998402,0.60000000,0.29800000
0.88009536,0.60000000,0.29766667
0.88028890,0.60000000,0.29733333
0.88030791,0.60000000,0.29700000
0.88037801,0.59966667,0.29700000
0.88039428,0.59966667,0.29666667
0.88039875,0.59933333,0.29666667
0.88040715,0.59933333,0.29633333
0.88042653,0.59933333,0.29600000
0.88053441,0.59900000,0.29600000
0.88058865,0.59900000,0.29566667
0.88059092,0.59900000,0.29533333
0.88064802,0.59866667,0.29533333
0.88070643,0.59833333,0.29533333
0.88071871,0.59833333,0.29500000
0.88085091,0.59800000,0.29500000
0.88088286,0.59800000,0.29466667
0.88093078,0.59800000,0.29433333
0.88094312,0.59766667,0.29433333
0.88105345,0.59733333,0.29433333
0.88107699,0.59733333,0.29400000
0.88107818,0.59700000,0.29400000
0.88108921,0.59700000,0.29366667
0.88112390,0.59700000,0.29333333
0.88115358,0.59666667,0.29333333
0.88120568,0.59633333,0.29333333
0.88136363,0.59600000,0.29333333
0.88146383,0.59600000,0.29300000
0.88152134,0.59600000,0.29266667
0.88154620,0.59566667,0.29266667
0.88162160,0.59533333,0.29266667
0.88174379,0.59500000,0.29266667
0.88175362,0.59500000,0.29233333
0.88177532,0.59500000,0.29200000
0.88177538,0.59466667,0.29200000
0.88178581,0.59433333,0.29200000
0.88184500,0.59433333,0.29166667
0.88196230,0.59433333,0.29133333
0.88206381,0.59433333,0.29100000
0.88208568,0.59400000,0.29100000
0.88215208,0.59366667,0.29100000
0.88218164,0.59333333,0.29100000
0.88220608,0.59333333,0.29066667
0.88237637,0.59333333,0.29033333
0.88249385,0.59300000,0.29033333
0.88249528,0.59266667,0.29033333
0.88251549,0.59233333,0.29033333
0.88264781,0.59200000,0.29033333
0.88268656,0.59166667,0.29033333
0.88273573,0.59166667,0.29000000
0.88280892,0.59166667,0.28966667
0.88286591,0.59133333,0.28966667
0.88286978,0.59133333,0.28933333
0.88290083,0.59133333,0.28900000
0.88292879,0.59133333,0.28866667
0.88296354,0.59100000,0.28866667
0.88297856,0.59066667,0.28866667
0.88300741,0.59066667,0.28833333
0.88303006,0.59033333,0.28833333
0.88314378,0.59033333,0.28800000
0.88333452,0.59000000,0.28800000
0.88335270,0.59000000,0.28766667
0.88350713,0.58966667,0.28766667
0.88355064,0.58933333,0.28766667
0.88358420,0.58900000,0.28766667
0.88368005,0.58866667,0.28766667
0.88369834,0.58833333,0.28766667
0.88379061,0.58800000,0.28766667
0.88387173,0.58766667,0.28766667
0.88388729,0.58733333,0.28766667
0.88389808,0.58700000,0.28766667
0.88390529,0.58666667,0.28766667
0.88390636,0.58666667,0.28733333
0.88397419,0.58633333,0.28733333
0.88397551,0.58633333,0.28700000
0.88398075,0.58633333,0.28666667
0.88401854,0.58633333,0.28633333
0.88402343,0.58600000,0.28633333
0.88407081,0.58600000,0.28600000
0.88410378,0.58600000,0.28566667
0.88413441,0.58566667,0.28566667
0.88418984,0.58566667,0.28533333
0.88421845,0.58566667,0.28500000
0.88422662,0.58566667,0.28466667
0.88430303,0.58566667,0.28433333
0.88437033,0.58533333,0.28433333
0.88442612,0.58533333,0.28400000
0.88444471,0.58533333,0.28366667
0.88446581,0.58500000,0.28366667
0.88451457,0.58466667,0.28366667
0.88458824,0.58433333,0.28366667
0.88466275,0.58400000,0.28366667
0.88467801,0.58366667,0.28366667
0.88471162,0.58366667,0.28333333
0.88472539,0.58333333,0.28333333
0.88473225,0.58333333,0.28300000
0.88473761,0.58300000,0.28300000
0.88474929,0.58300000,0.28266667
0.88477701,0.58266667,0.28266667
0.88492644,0.58266667,0.28233333
0.88493556,0.58266667,0.28200000
0.88494325,0.58233333,0.28200000
0.88502133,0.58233333,0.28166667
0.88506556,0.58200000,0.28166667
0.88510931,0.58166667,0.28166667
0.88512051,0.58166667,0.28133333
0.88515466,0.58166667,0.28100000
0.88521564,0.58166667,0.28066667
0.88525957,0.58166667,0.28033333
0.88541019,0.58166667,0.28000000
0.88543665,0.58166667,0.27966667
0.88544965,0.58133333,0.27966667
0.88550329,0.58133333,0.27933333
0.88570178,0.58100000,0.27933333
0.88572019,0.58100000,0.27900000
0.88572890,0.58100000,0.27866667
0.88573098,0.58100000,0.27833333
0.88577425,0.58100000,0.27800000
0.88581324,0.58100000,0.27766667
0.88596368,0.58066667,0.27766667
0.88599402,0.58066667,0.27733333
0.88602602,0.58066667,0.27700000
0.88605976,0.58033333,0.27700000
0.88609612,0.58000000,0.27700000
0.88612223,0.58000000,0.27666667
0.88617170,0.57966667,0.27666667
0.88627392,0.57966667,0.27633333
0.88630891,0.57933333,0.27633333
0.88635719,0.57900000,0.27633333
0.88639939,0.57900000,0.27600000
0.88640559,0.57900000,0.27566667
0.88645446,0.57900000,0.27533333
0.88648123,0.57866667,0.27533333
0.88658506,0.57866667,0.27500000
0.88659286,0.57833333,0.27500000
0.88661557,0.57800000,0.27500000
0.88670373,0.57766667,0.27500000
0.88675082,0.57733333,0.27500000
0.88675743,0.57700000,0.27500000
0.88677621,0.57666667,0.27500000
0.88678110,0.57666667,0.27466667
0.88682264,0.57633333,0.27466667
0.88694370,0.57633333,0.27433333
0.88697183,0.57600000,0.27433333
0.88705677,0.57600000,0.27400000
0.88706172,0.57600000,0.27366667
0.88706410,0.57566667,0.27366667
0.88707018,0.57566667,0.27333333
0.88714391,0.57566667,0.27300000
0.88715535,0.57533333,0.27300000
0.88718915,0.57533333,0.27266667
0.88725746,0.57533333,0.27233333
0.88729811,0.57500000,0.27233333
0.88733357,0.57466667,0.27233333
0.88735950,0.57433333,0.27233333
0.88764274,0.57433333,0.27200000
0.88767684,0.57400000,0.27200000
0.88767868,0.57400000,0.27166667
0.88771296,0.57400000,0.27133333
0.88774580,0.57366667,0.27133333
0.88774657,0.57333333,0.27133333
0.88776463,0.57333333,0.27100000
0.88790762,0.57333333,0.27066667
0.88791156,0.57333333,0.27033333
0.88797903,0.57300000,0.27033333
0.88804114,0.57300000,0.27000000
0.88807571,0.57300000,0.26966667
0.88807756,0.57300000,0.26933333
0.88810706,0.57300000,0.26900000
0.88813716,0.57266667,0.26900000
0.88815445,0.57233333,0.26900000
0.88819206,0.57233333,0.26866667
0.88827229,0.57200000,0.26866667
0.88827342,0.57200000,0.26833333
0.88832676,0.57166667,0.26833333
0.88837361,0.57133333,0.26833333
0.88840771,0.57133333,0.26800000
0.88846928,0.57133333,0.26766667
0.88852960,0.57100000,0.26766667
0.88855696,0.57100000,0.26733333
0.88856304,0.57066667,0.26733333
0.88856673,0.57066667,0.26700000
0.88859069,0.57066667,0.26666667
0.88862336,0.57033333,0.26666667
0.88867837,0.57000000,0.26666667
0.88876557,0.56966667,0.26666667
0.88890356,0.56933333,0.26666667
0.88895607,0.56933333,0.26633333
0.88898790,0.56933333,0.26600000
0.88915271,0.56900000,0.26600000
0.88916278,0.56900000,0.26566667
0.88917756,0.56900000,0.26533333
0.88918638,0.56866667,0.26533333
0.88920391,0.56833333,0.26533333
0.88925076,0.56833333,0.26500000
0.88925135,0.56800000,0.26500000
0.88926584,0.56766667,0.26500000
0.88926613,0.56766667,0.26466667
0.88937712,0.56766667,0.26433333
0.88941824,0.56766667,0.26400000
0.88948351,0.56733333,0.26400000
0.88949275,0.56700000,0.26400000
0.88958538,0.56700000,0.26366667
0.88965255,0.56700000,0.26333333
0.88970530,0.56666667,0.26333333
0.88976479,0.56666667,0.26300000
0.88978833,0.56633333,0.26300000
0.88979185,0.56633333,0.26266667
0.88979578,0.56633333,0.26233333
0.88986802,0.56600000,0.26233333
0.88990033,0.56600000,0.26200000
0.88997489,0.56566667,0.26200000
0.88999224,0.56566667,0.26166667
0.89000034,0.56533333,0.26166667
0.89006209,0.56500000,0.26166667
0.89007044,0.56466667,0.26166667
0.89015222,0.56433333,0.26166667
0.89016414,0.56433333,0.26133333
0.89017409,0.56400000,0.26133333
0.89018452,0.56400000,0.26100000
0.89024401,0.56400000,0.26066667
0.89031672,0.56400000,0.26033333
0.89038944,0.56400000,0.26000000
0.89044517,0.56400000,0.25966667
0.89045900,0.56400000,0.25933333
0.89046121,0.56366667,0.25933333
0.89054590,0.56366667,0.25900000
0.89064896,0.56333333,0.25900000
0.89067620,0.56333333,0.25866667
0.89067906,0.56300000,0.25866667
0.89069498,0.56266667,0.25866667
0.89070880,0.56233333,0.25866667
0.89077133,0.56233333,0.25833333
0.89082497,0.56200000,0.25833333
0.89082730,0.56200000,0.25800000
0.89084572,0.56166667,0.25800000
0.89085704,0.56133333,0.25800000
0.89087451,0.56100000,0.25800000
0.89102554,0.56066667,0.25800000
0.89105481,0.56033333,0.25800000
0.89106905,0.56000000,0.25800000
0.89121103,0.56000000,0.25766667
0.89123720,0.55966667,0.25766667
0.89126372,0.55933333,0.25766667
0.89128172,0.55900000,0.25766667
0.89129704,0.55900000,0.25733333
0.89135790,0.55900000,0.25700000
0.89139354,0.55866667,0.25700000
0.89145195,0.55866667,0.25666667
0.89151233,0.55866667,0.25633333
0.89152789,0.55866667,0.25600000
0.89155269,0.55866667,0.25566667
0.89155352,0.55833333,0.25566667
0.89156580,0.55800000,0.25566667
0.89173198,0.55800000,0.25533333
0.89176607,0.55766667,0.25533333
0.89179003,0.55733333,0.25533333
0.89179200,0.55733333,0.25500000
0.89180517,0.55733333,0.25466667
0.89184201,0.55700000,0.25466667
0.89186615,0.55700000,0.25433333
0.89187568,0.55700000,0.25400000
0.89188021,0.55700000,0.25366667
0.89189291,0.55700000,0.25333333
0.89189339,0.55700000,0.25300000
0.89195812,0.55700000,0.25266667
0.89196020,0.55700000,0.25233333
0.89200068,0.55666667,0.25233333
0.89204121,0.55666667,0.25200000
0.89204520,0.55633333,0.25200000
0.89205825,0.55600000,0.25200000
0.89212728,0.55566667,0.25200000
0.89215726,0.55533333,0.25200000
0.89215958,0.55500000,0.25200000
0.89230251,0.55466667,0.25200000
0.89230442,0.55433333,0.25200000
0.89231032,0.55433333,0.25166667
0.89237916,0.55400000,0.25166667
0.89240736,0.55400000,0.25133333
0.89242423,0.55366667,0.25133333
0.89251405,0.55366667,0.25100000
0.89254683,0.55333333,0.25100000
0.89255869,0.55333333,0.25066667
0.89257181,0.55333333,0.25033333
0.89261466,0.55333333,0.25000000
0.89261597,0.55300000,0.25000000
0.89273673,0.55300000,0.24966667
0.89274681,0.55266667,0.24966667
0.89275098,0.55233333,0.24966667
0.89277637,0.55200000,0.24966667
0.89281398,0.55166667,0.24966667
0.89283526,0.55133333,0.24966667
0.89284480,0.55100000,0.24966667
0.89288527,0.55066667,0.24966667
0.89293218,0.55066667,0.24933333
0.89304554,0.55066667,0.24900000
0.89307231,0.55033333,0.24900000
0.89310515,0.55033333,0.24866667
0.89312631,0.55000000,0.24866667
0.89312792,0.54966667,0.24866667
0.89330894,0.54933333,0.24866667
0.89332008,0.54900000,0.24866667
0.89336377,0.54900000,0.24833333
0.89340776,0.54900000,0.24800000
0.89343011,0.54866667,0.24800000
0.89352536,0.54866667,0.24766667
0.89355099,0.54866667,0.24733333
0.89355838,0.54833333,0.24733333
0.89355934,0.54800000,0.24733333
0.89357114,0.54766667,0.24733333
0.89360738,0.54766667,0.24700000
0.89363110,0.54733333,0.24700000
0.89368904,0.54733333,0.24666667
0.89374006,0.54700000,0.24666667
0.89376545,0.54666667,0.24666667
0.89380199,0.54666667,0.24633333
0.89386648,0.54633333,0.24633333
0.89389914,0.54633333,0.24600000
0.89390403,0.54633333,0.24566667
0.89393216,0.54633333,0.24533333
0.89393830,0.54633333,0.24500000
0.89401418,0.54633333,0.24466667
0.89408112,0.54600000,0.24466667
0.89412755,0.54600000,0.24433333
0.89412957,0.54566667,0.24433333
0.89414954,0.54566667,0.24400000
0.89415419,0.54566667,0.24366667
0.89417791,0.54566667,0.24333333
0.89418030,0.54566667,0.24300000
0.89421183,0.54566667,0.24266667
0.89434898,0.54566667,0.24233333
0.89445233,0.54566667,0.24200000
0.89460826,0.54566667,0.24166667
0.89464748,0.54566667,0.24133333
0.89472127,0.54533333,0.24133333
0.89474010,0.54533333,0.24100000
0.89474761,0.54500000,0.24100000
0.89475352,0.54466667,0.24100000
0.89475751,0.54433333,0.24100000
0.89477265,0.54433333,0.24066667
0.89482760,0.54433333,0.24033333
0.89485013,0.54400000,0.24033333
0.89493102,0.54366667,0.24033333
0.89497209,0.54366667,0.24000000
0.89497650,0.54333333,0.24000000
0.89503968,0.54333333,0.23966667
0.89512527,0.54333333,0.23933333
0.89518726,0.54300000,0.23933333
0.89528251,0.54300000,0.23900000
0.89529347,0.54300000,0.23866667
0.89530694,0.54266667,0.23866667
0.89537823,0.54266667,0.23833333
0.89547640,0.54233333,0.23833333
0.89547646,0.54200000,0.23833333
0.89557332,0.54200000,0.23800000
0.89557689,0.54200000,0.23766667
0.89561146,0.54200000,0.23733333
0.89561355,0.54200000,0.23700000
0.89568007,0.54166667,0.23700000
0.89572126,0.54133333,0.23700000
0.89576805,0.54100000,0.23700000
0.89581823,0.54066667,0.23700000
0.89582264,0.54066667,0.23666667
0.89587748,0.54033333,0.23666667
0.89593369,0.54000000,0.23666667
0.89593452,0.53966667,0.23666667
0.89595652,0.53933333,0.23666667
0.89596415,0.53900000,0.23666667
0.89596927,0.53866667,0.23666667
0.89605647,0.53866667,0.23633333
0.89608413,0.53866667,0.23600000
0.89610851,0.53866667,0.23566667
0.89614302,0.53833333,0.23566667
0.89615649,0.53800000,0.23566667
0.89623272,0.53800000,0.23533333
0.89626217,0.53766667,0.23533333
0.89628512,0.53733333,0.23533333
0.89636981,0.53700000,0.23533333
0.89637506,0.53666667,0.23533333
0.89643395,0.53666667,0.23500000
0.89645803,0.53666667,0.23466667
0.89645928,0.53633333,0.23466667
0.89650553,0.53600000,0.23466667
0.89654326,0.53566667,0.23466667
0.89659250,0.53566667,0.23433333
0.89661151,0.53533333,0.23433333
0.89664561,0.53533333,0.23400000
0.89667749,0.53500000,0.23400000
0.89667821,0.53433333,0.23400000
0.89668876,0.53433333,0.23366667
0.89669907,0.53400000,0.23366667
0.89673525,0.53366667,0.23366667
0.89673662,0.53333333,0.23366667
0.89679062,0.53333333,0.23333333
0.89680398,0.53300000,0.23333333
0.89684951,0.53266667,0.23333333
0.89686102,0.53233333,0.23333333
0.89690304,0.53233333,0.23300000
0.89694923,0.53200000,0.23300000
0.89697343,0.53200000,0.23266667
0.89697987,0.53200000,0.23233333
0.89699548,0.53200000,0.23200000
0.89699990,0.53200000,0.23166667
0.89700389,0.53166667,0.23166667
0.89706713,0.53133333,0.23166667
0.89707416,0.53133333,0.23133333
0.89709944,0.53100000,0.23133333
0.89713144,0.53100000,0.23100000
0.89713424,0.53066667,0.23100000
0.89716196,0.53033333,0.23100000
0.89721477,0.53000000,0.23100000
0.89721578,0.53000000,0.23066667
0.89725280,0.53000000,0.23033333
0.89727747,0.53000000,0.23000000
0.89729035,0.52966667,0.23000000
0.89730763,0.52933333,0.23000000
0.89732528,0.52933333,0.22966667
0.89732718,0.52900000,0.22966667
0.89733833,0.52900000,0.22933333
0.89738274,0.52866667,0.22933333
0.89739341,0.52833333,0.22933333
0.89739382,0.52833333,0.22900000
0.89753079,0.52833333,0.22866667
0.89753801,0.52800000,0.22866667
0.89754730,0.52800000,0.22833333
0.89760923,0.52800000,0.22800000
0.89792454,0.52800000,0.22766667
0.89802557,0.52800000,0.22733333
0.89804715,0.52766667,0.22733333
0.89819407,0.52733333,0.22733333
0.89827871,0.52700000,0.22733333
0.89829093,0.52666667,0.22733333
0.89831197,0.52666667,0.22700000
0.89832473,0.52666667,0.22666667
0.89834654,0.52633333,0.22666667
0.89840901,0.52600000,0.22666667
0.89841402,0.52600000,0.22633333
0.89846516,0.52566667,0.22633333
0.89847636,0.52533333,0.22633333
0.89865553,0.52533333,0.22600000
0.89867121,0.52500000,0.22600000
0.89873499,0.52500000,0.22566667
0.89889342,0.52466667,0.22566667
0.89893246,0.52466667,0.22533333
0.89893651,0.52433333,0.22533333
0.89901620,0.52400000,0.22533333
0.89902043,0.52366667,0.22533333
0.89907742,0.52333333,0.22533333
0.89916813,0.52333333,0.22500000
0.89916915,0.52300000,0.22500000
0.89920980,0.52300000,0.22466667
0.89923787,0.52300000,0.22433333
0.89924157,0.52300000,0.22400000
0.89930201,0.52266667,0.22400000
0.89933491,0.52233333,0.22400000
0.89936042,0.52233333,0.22366667
0.89946872,0.52233333,0.22333333
0.89948964,0.52233333,0.22300000
0.89955026,0.52200000,0.22300000
0.89961851,0.52200000,0.22266667
0.89967608,0.52166667,0.22266667
0.89969110,0.52133333,0.22266667
0.89974022,0.52133333,0.22233333
0.89980400,0.52100000,0.22233333
0.89983344,0.52066667,0.22233333
0.89985609,0.52066667,0.22200000
0.89986449,0.52066667,0.22166667
0.89987040,0.52066667,0.22133333
0.89987355,0.52066667,0.22100000
0.90003812,0.52066667,0.22066667
0.90004432,0.52066667,0.22033333
0.90007907,0.52033333,0.22033333
0.90009999,0.52000000,0.22033333
0.90010035,0.52000000,0.22000000
0.90014696,0.52000000,0.21966667
0.90017724,0.51966667,0.21966667
0.90019190,0.51933333,0.21966667
0.90037781,0.51900000,0.21966667
0.90050030,0.51866667,0.21966667
0.90052271,0.51866667,0.21933333
0.90054703,0.51866667,0.21900000
0.90057540,0.51866667,0.21866667
0.90060949,0.51833333,0.21866667
0.90067357,0.51833333,0.21833333
0.90073377,0.51833333,0.21800000
0.90083814,0.51833333,0.21766667
0.90088308,0.51833333,0.21733333
0.90089053,0.51800000,0.21733333
0.90090179,0.51766667,0.21733333
0.90090656,0.51766667,0.21700000
0.90093279,0.51733333,0.21700000
0.90093911,0.51700000,0.21700000
0.90099168,0.51700000,0.21666667
0.90102059,0.51700000,0.21633333
0.90103620,0.51666667,0.21633333
0.90104979,0.51633333,0.21633333
0.90105367,0.51600000,0.21633333
0.90118611,0.51600000,0.21600000
0.90118837,0.51566667,0.21600000
0.90127903,0.51533333,0.21600000
0.90128601,0.51500000,0.21600000
0.90128988,0.51466667,0.21600000
0.90130365,0.51433333,0.21600000
0.90130806,0.51433333,0.21566667
0.90134889,0.51400000,0.21566667
0.90137315,0.51366667,0.21566667
0.90137696,0.51366667,0.21533333
0.90138245,0.51366667,0.21500000
0.90144461,0.51366667,0.21466667
0.90147078,0.51366667,0.21433333
0.90147495,0.51366667,0.21400000
0.90153027,0.51333333,0.21400000
0.90161943,0.51300000,0.21400000
0.90167528,0.51300000,0.21366667
0.90171564,0.51266667,0.21366667
0.90171719,0.51266667,0.21333333
0.90175927,0.51266667,0.21300000
0.90180671,0.51266667,0.21266667
0.90181112,0.51233333,0.21266667
0.90193284,0.51233333,0.21233333
0.90197343,0.51200000,0.21233333
0.90205014,0.51200000,0.21200000
0.90206617,0.51166667,0.21200000
0.90211606,0.51166667,0.21166667
0.90217876,0.51166667,0.21133333
0.90220284,0.51133333,0.21133333
0.90228188,0.51133333,0.21100000
0.90228593,0.51100000,0.21100000
0.90233970,0.51066667,0.21100000
0.90236592,0.51033333,0.21100000
0.90238267,0.51033333,0.21066667
0.90240651,0.51000000,0.21066667
0.90244353,0.50966667,0.21066667
0.90244663,0.50933333,0.21066667
0.90254116,0.50933333,0.21033333
0.90258604,0.50900000,0.21033333
0.90259087,0.50866667,0.21033333
0.90260100,0.50833333,0.21033333
0.90266073,0.50833333,0.21000000
0.90270293,0.50800000,0.21000000
0.90273392,0.50766667,0.21000000
0.90273440,0.50733333,0.21000000
0.90273869,0.50700000,0.21000000
0.90275657,0.50700000,0.20966667
0.90279198,0.50666667,0.20966667
0.90284973,0.50633333,0.20966667
0.90287584,0.50633333,0.20933333
0.90291786,0.50633333,0.20900000
0.90292639,0.50600000,0.20900000
0.90299207,0.50600000,0.20866667
0.90301728,0.50566667,0.20866667
0.90303159,0.50566667,0.20833333
0.90307015,0.50566667,0.20800000
0.90307415,0.50533333,0.20800000
0.90314490,0.50500000,0.20800000
0.90319842,0.50500000,0.20766667
0.90320873,0.50500000,0.20733333
0.90330637,0.50500000,0.20700000
0.90335667,0.50500000,0.20666667
0.90337944,0.50466667,0.20666667
0.90345359,0.50466667,0.20633333
0.90363634,0.50433333,0.20633333
0.90371346,0.50433333,0.20600000
0.90381277,0.50433333,0.20566667
0.90383101,0.50400000,0.20566667
0.90384531,0.50400000,0.20533333
0.90388775,0.50366667,0.20533333
0.90397000,0.50333333,0.20533333
0.90399545,0.50300000,0.20533333
0.90402669,0.50300000,0.20500000
0.90409857,0.50266667,0.20500000
0.90418172,0.50233333,0.20500000
0.90425795,0.50200000,0.20500000
0.90429056,0.50166667,0.20500000
0.90434039,0.50166667,0.20466667
0.90440571,0.50166667,0.20433333
0.90444469,0.50133333,0.20433333
0.90450150,0.50100000,0.20433333
0.90452814,0.50100000,0.20400000
0.90452892,0.50066667,0.20400000
0.90456867,0.50033333,0.20400000
0.90458226,0.50000000,0.20400000
0.90460575,0.49966667,0.20400000
0.90461278,0.49933333,0.20400000
0.90461695,0.49900000,0.20400000
0.90464973,0.49866667,0.20400000
0.90464979,0.49833333,0.20400000
0.90466166,0.49800000,0.20400000
0.90472001,0.49766667,0.20400000
0.90477419,0.49766667,0.20366667
0.90485716,0.49766667,0.20333333
0.90492201,0.49766667,0.20300000
0.90494370,0.49766667,0.20266667
0.90500903,0.49733333,0.20266667
0.90505946,0.49700000,0.20266667
0.90506804,0.49666667,0.20266667
0.90510702,0.49666667,0.20233333
0.90511590,0.49633333,0.20233333
0.90514565,0.49600000,0.20233333
0.90517294,0.49566667,0.20233333
0.90517807,0.49566667,0.20200000
0.90527225,0.49533333,0.20200000
0.90527260,0.49500000,0.20200000
0.90529287,0.49500000,0.20166667
0.90542555,0.49500000,0.20133333
0.90545464,0.49466667,0.20133333
0.90545797,0.49466667,0.20100000
0.90553749,0.49466667,0.20066667
0.90554595,0.49433333,0.20066667
0.90556949,0.49433333,0.20033333
0.90558732,0.49433333,0.20000000
0.90560097,0.49400000,0.20000000
0.90561998,0.49366667,0.20000000
0.90568262,0.49333333,0.20000000
0.90571851,0.49333333,0.19966667
0.90575242,0.49333333,0.19933333
0.90577388,0.49333333,0.19900000
0.90580678,0.49300000,0.19900000
0.90581781,0.49266667,0.19900000
0.90602785,0.49266667,0.19866667
0.90604144,0.49233333,0.19866667
0.90612799,0.49200000,0.19866667
0.90615368,0.49166667,0.19866667
0.90623307,0.49133333,0.19866667
0.90624487,0.49133333,0.19833333
0.90631068,0.49133333,0.19800000
0.90633649,0.49100000,0.19800000
0.90638626,0.49100000,0.19766667
0.90640056,0.49100000,0.19733333
0.90652531,0.49100000,0.19700000
0.90652996,0.49100000,0.19666667
0.90654647,0.49100000,0.19633333
0.90659511,0.49100000,0.19600000
0.90661037,0.49066667,0.19600000
0.90662682,0.49066667,0.19566667
0.90663183,0.49066667,0.19533333
0.90663576,0.49033333,0.19533333
0.90665758,0.49033333,0.19500000
0.90667951,0.49000000,0.19500000
0.90668601,0.48966667,0.19500000
0.90670049,0.48966667,0.19466667
0.90677321,0.48966667,0.19433333
0.90678406,0.48933333,0.19433333
0.90682262,0.48900000,0.19433333
0.90682924,0.48900000,0.19400000
0.90684575,0.48900000,0.19366667
0.90690041,0.48900000,0.19333333
0.90693974,0.48900000,0.19300000
0.90694374,0.48866667,0.19300000
0.90696383,0.48833333,0.19300000
0.90699267,0.48833333,0.19266667
0.90702045,0.48833333,0.19233333
0.90702629,0.48800000,0.19233333
0.90707332,0.48766667,0.19233333
0.90707517,0.48766667,0.19200000
0.90708011,0.48733333,0.19200000
0.90708596,0.48700000,0.19200000
0.90711045,0.48666667,0.19200000
0.90712970,0.48633333,0.19200000
0.90716326,0.48600000,0.19200000
0.90721959,0.48566667,0.19200000
0.90722466,0.48533333,0.19200000
0.90722746,0.48500000,0.19200000
0.90727615,0.48500000,0.19166667
0.90733004,0.48500000,0.19133333
0.90738422,0.48466667,0.19133333
0.90739536,0.48466667,0.19100000
0.90741229,0.48466667,0.19066667
0.90745914,0.48466667,0.19033333
0.90761948,0.48466667,0.19000000
0.90766174,0.48466667,0.18966667
0.90769506,0.48433333,0.18966667
0.90770084,0.48433333,0.18933333
0.90775591,0.48433333,0.18900000
0.90784049,0.48433333,0.18866667
0.90789580,0.48433333,0.18833333
0.90794796,0.48400000,0.18833333
0.90797299,0.48366667,0.18833333
0.90802431,0.48333333,0.18833333
0.90808713,0.48300000,0.18833333
0.90811789,0.48266667,0.18833333
0.90814745,0.48266667,0.18800000
0.90814775,0.48233333,0.18800000
0.90818250,0.48233333,0.18766667
0.90818596,0.48200000,0.18766667
0.90819883,0.48166667,0.18766667
0.90821004,0.48133333,0.18766667
0.90822470,0.48100000,0.18766667
0.90830159,0.48066667,0.18766667
0.90831411,0.48033333,0.18766667
0.90832293,0.48033333,0.18733333
0.90832573,0.48000000,0.18733333
0.90854275,0.48000000,0.18700000
0.90866512,0.48000000,0.18666667
0.90872127,0.48000000,0.18633333
0.90876067,0.47966667,0.18633333
0.90878642,0.47966667,0.18600000
0.90884876,0.47966667,0.18566667
0.90887356,0.47966667,0.18533333
0.90889031,0.47933333,0.18533333
0.90889418,0.47933333,0.18500000
0.90890980,0.47900000,0.18500000
0.90891755,0.47866667,0.18500000
0.90892673,0.47866667,0.18466667
0.90892911,0.47866667,0.18433333
0.90896463,0.47866667,0.18400000
0.90897870,0.47833333,0.18400000
0.90903187,0.47800000,0.18400000
0.90906870,0.47800000,0.18366667
0.90909302,0.47800000,0.18333333
0.90909898,0.47800000,0.18300000
0.90917289,0.47766667,0.18300000
0.90922254,0.47766667,0.18266667
0.90931416,0.47733333,0.18266667
0.90932596,0.47700000,0.18266667
0.90932751,0.47666667,0.18266667
0.90933001,0.47666667,0.18233333
0.90933669,0.47666667,0.18200000
0.90936637,0.47666667,0.18166667
0.90939033,0.47666667,0.18133333
0.90940630,0.47633333,0.18133333
0.90942621,0.47633333,0.18100000
0.90946853,0.47600000,0.18100000
0.90949094,0.47566667,0.18100000
0.90950626,0.47533333,0.18100000
0.90957385,0.47500000,0.18100000
0.90958476,0.47500000,0.18066667
0.90965629,0.47466667,0.18066667
0.90966463,0.47466667,0.18033333
0.90971142,0.47433333,0.18033333
0.90972167,0.47400000,0.18033333
0.90977991,0.47400000,0.18000000
0.90978539,0.47366667,0.18000000
0.90986019,0.47366667,0.17966667
0.90991354,0.47333333,0.17966667
0.90997231,0.47300000,0.17966667
0.90999210,0.47300000,0.17933333
0.91005969,0.47300000,0.17900000
0.91007090,0.47266667,0.17900000
0.91014135,0.47233333,0.17900000
0.91021675,0.47200000,0.17900000
0.91024953,0.47166667,0.17900000
0.91026020,0.47133333,0.17900000
0.91028208,0.47100000,0.17900000
0.91031003,0.47100000,0.17866667
0.91031826,0.47066667,0.17866667
0.91035020,0.47066667,0.17833333
0.91035366,0.47033333,0.17833333
0.91037261,0.47000000,0.17833333
0.91037637,0.46966667,0.17833333
0.91037893,0.46933333,0.17833333
0.91040450,0.46900000,0.17833333
0.91043931,0.46900000,0.17800000
0.91047150,0.46900000,0.17766667
0.91059726,0.46866667,0.17766667
0.91066504,0.46866667,0.17733333
0.91069722,0.46866667,0.17700000
0.91077715,0.46833333,0.17700000
0.91079885,0.46800000,0.17700000
0.91086066,0.46766667,0.17700000
0.91090465,0.46733333,0.17700000
0.91091132,0.46700000,0.17700000
0.91092443,0.46666667,0.17700000
0.91094613,0.46666667,0.17666667
0.91099560,0.46633333,0.17666667
0.91105115,0.46600000,0.17666667
0.91105759,0.46566667,0.17666667
0.91109967,0.46566667,0.17633333
0.91110408,0.46533333,0.17633333
0.91119337,0.46500000,0.17633333
0.91119510,0.46500000,0.17600000
0.91129744,0.46500000,0.17566667
0.91133368,0.46466667,0.17566667
0.91135848,0.46433333,0.17566667
0.91135895,0.46400000,0.17566667
0.91142571,0.46400000,0.17533333
0.91143107,0.46400000,0.17500000
0.91145903,0.46366667,0.17500000
0.91155708,0.46333333,0.17500000
0.91155934,0.46300000,0.17500000
0.91170204,0.46300000,0.17466667
0.91170681,0.46266667,0.17466667
0.91182381,0.46233333,0.17466667
0.91183138,0.46200000,0.17466667
0.91187775,0.46166667,0.17466667
0.91192579,0.46133333,0.17466667
0.91196311,0.46100000,0.17466667
0.91202492,0.46066667,0.17466667
0.91202599,0.46033333,0.17466667
0.91207731,0.46000000,0.17466667
0.91216016,0.45966667,0.17466667
0.91217977,0.45933333,0.17466667
0.91224658,0.45933333,0.17433333
0.91228795,0.45900000,0.17433333
0.91247249,0.45866667,0.17433333
0.91249359,0.45833333,0.17433333
0.91251689,0.45800000,0.17433333
0.91253287,0.45766667,0.17433333
0.91253459,0.45766667,0.17400000
0.91267848,0.45733333,0.17400000
0.91277134,0.45733333,0.17366667
0.91280115,0.45700000,0.17366667
0.91280413,0.45666667,0.17366667
0.91281879,0.45666667,0.17333333
0.91284096,0.45666667,0.17300000
0.91288161,0.45666667,0.17266667
0.91290319,0.45633333,0.17266667
0.91292256,0.45600000,0.17266667
0.91292447,0.45566667,0.17266667
0.91292751,0.45533333,0.17266667
0.91296124,0.45500000,0.17266667
0.91297477,0.45500000,0.17233333
0.91300511,0.45466667,0.17233333
0.91302121,0.45433333,0.17233333
0.91302633,0.45400000,0.17233333
0.91305101,0.45400000,0.17200000
0.91308677,0.45366667,0.17200000
0.91316396,0.45333333,0.17200000
0.91316628,0.45300000,0.17200000
0.91316712,0.45266667,0.17200000
0.91320670,0.45233333,0.17200000
0.91324210,0.45233333,0.17166667
0.91329247,0.45200000,0.17166667
0.91330767,0.45166667,0.17166667
0.91333592,0.45166667,0.17133333
0.91334218,0.45133333,0.17133333
0.91337818,0.45100000,0.17133333
0.91340446,0.45066667,0.17133333
0.91355515,0.45066667,0.17100000
0.91363192,0.45066667,0.17066667
0.91363585,0.45033333,0.17066667
0.91367841,0.45033333,0.17033333
0.91371012,0.45000000,0.17033333
0.91377044,0.44966667,0.17033333
0.91379285,0.44966667,0.17000000
0.91383022,0.44966667,0.16966667
0.91384262,0.44933333,0.16966667
0.91387576,0.44933333,0.16933333
0.91389012,0.44933333,0.16900000
0.91390884,0.44900000,0.16900000
0.91392291,0.44900000,0.16866667
0.91395116,0.44866667,0.16866667
0.91396427,0.44833333,0.16866667
0.91396928,0.44833333,0.16833333
0.91400850,0.44800000,0.16833333
0.91401041,0.44800000,0.16800000
0.91402364,0.44766667,0.16800000
0.91407925,0.44733333,0.16800000
0.91412520,0.44733333,0.16766667
0.91416353,0.44700000,0.16766667
0.91419762,0.44700000,0.16733333
0.91423678,0.44666667,0.16733333
0.91430628,0.44666667,0.16700000
0.91434133,0.44666667,0.16666667
0.91441834,0.44633333,0.16666667
0.91442466,0.44600000,0.16666667
0.91449976,0.44600000,0.16633333
0.91452920,0.44566667,0.16633333
0.91456586,0.44533333,0.16633333
0.91459358,0.44533333,0.16600000
0.91465938,0.44533333,0.16566667
0.91469646,0.44533333,0.16533333
0.91469729,0.44533333,0.16500000
0.91470194,0.44500000,0.16500000
0.91478014,0.44466667,0.16500000
0.91480494,0.44433333,0.16500000
0.91480935,0.44433333,0.16466667
0.91481215,0.44400000,0.16466667
0.91490781,0.44366667,0.16466667
0.91493368,0.44366667,0.16433333
0.91497231,0.44333333,0.16433333
0.91504019,0.44300000,0.16433333
0.91506910,0.44266667,0.16433333
0.91510844,0.44233333,0.16433333
0.91520953,0.44200000,0.16433333
0.91522241,0.44166667,0.16433333
0.91537547,0.44133333,0.16433333
0.91544312,0.44100000,0.16433333
0.91545081,0.44066667,0.16433333
0.91547978,0.44066667,0.16400000
0.91556168,0.44033333,0.16400000
0.91559923,0.44000000,0.16400000
0.91560823,0.44000000,0.16366667
0.91562182,0.44000000,0.16333333
0.91569340,0.43966667,0.16333333
0.91569853,0.43966667,0.16300000
0.91588974,0.43933333,0.16300000
0.91589469,0.43933333,0.16266667
0.91590965,0.43933333,0.16233333
0.91591430,0.43933333,0.16200000
0.91599804,0.43900000,0.16200000
0.91608536,0.43866667,0.16200000
0.91610718,0.43866667,0.16166667
0.91611791,0.43833333,0.16166667
0.91615045,0.43833333,0.16133333
0.91616619,0.43833333,0.16100000
0.91617185,0.43800000,0.16100000
0.91619086,0.43766667,0.16100000
0.91621566,0.43733333,0.16100000
0.91621816,0.43700000,0.16100000
0.91622585,0.43700000,0.16066667
0.91624451,0.43666667,0.16066667
0.91626394,0.43633333,0.16066667
0.91630983,0.43600000,0.16066667
0.91631079,0.43566667,0.16066667
0.91632378,0.43566667,0.16033333
0.91635990,0.43566667,0.16000000
0.91649842,0.43533333,0.16000000
0.91650379,0.43500000,0.16000000
0.91652119,0.43500000,0.15966667
0.91657126,0.43500000,0.15933333
0.91658735,0.43500000,0.15900000
0.91659766,0.43500000,0.15866667
0.91665906,0.43466667,0.15866667
0.91667831,0.43466667,0.15833333
0.91668439,0.43433333,0.15833333
0.91674125,0.43400000,0.15833333
0.91681665,0.43366667,0.15833333
0.91683197,0.43366667,0.15800000
0.91683590,0.43366667,0.15766667
0.91683620,0.43333333,0.15766667
0.91684115,0.43333333,0.15733333
0.91687638,0.43300000,0.15733333
0.91688657,0.43300000,0.15700000
0.91693854,0.43266667,0.15700000
0.91694903,0.43233333,0.15700000
0.91696191,0.43233333,0.15666667
0.91696274,0.43200000,0.15666667
0.91696346,0.43166667,0.15666667
0.91697764,0.43166667,0.15633333
0.91701144,0.43133333,0.15633333
0.91702223,0.43133333,0.15600000
0.91707569,0.43100000,0.15600000
0.91711950,0.43066667,0.15600000
0.91713369,0.43033333,0.15600000
0.91714549,0.43033333,0.15566667
0.91727602,0.43000000,0.15566667
0.91735411,0.43000000,0.15533333
0.91744685,0.42966667,0.15533333
0.91751397,0.42933333,0.15533333
0.91756189,0.42933333,0.15500000
0.91756386,0.42900000,0.15500000
0.91757524,0.42866667,0.15500000
0.91759026,0.42833333,0.15500000
0.91763890,0.42800000,0.15500000
0.91765714,0.42766667,0.15500000
0.91767520,0.42733333,0.15500000
0.91769814,0.42700000,0.15500000
0.91774309,0.42666667,0.15500000
0.91776025,0.42633333,0.15500000
0.91778696,0.42600000,0.15500000
0.91779554,0.42600000,0.15466667
0.91783011,0.42600000,0.15433333
0.91787124,0.42600000,0.15400000
0.91787201,0.42566667,0.15400000
0.91792333,0.42533333,0.15400000
0.91794741,0.42500000,0.15400000
0.91800886,0.42466667,0.15400000
0.91813123,0.42433333,0.15400000
0.91820163,0.42400000,0.15400000
0.91822565,0.42400000,0.15366667
0.91824931,0.42366667,0.15366667
0.91825521,0.42333333,0.15366667
0.91826546,0.42300000,0.15366667
0.91828883,0.42266667,0.15366667
0.91829789,0.42233333,0.15366667
0.91831076,0.42200000,0.15366667
0.91832113,0.42200000,0.15333333
0.91839767,0.42200000,0.15300000
0.91843772,0.42200000,0.15266667
0.91854614,0.42133333,0.15266667
0.91868562,0.42100000,0.15266667
0.91875285,0.42066667,0.15266667
0.91875941,0.42033333,0.15266667
0.91876179,0.42000000,0.15266667
0.91876423,0.41966667,0.15266667
0.91879088,0.41966667,0.15233333
0.91889739,0.41933333,0.15233333
0.91894746,0.41900000,0.15233333
0.91895950,0.41866667,0.15233333
0.91897339,0.41866667,0.15200000
0.91900051,0.41833333,0.15200000
0.91903549,0.41800000,0.15200000
0.91904777,0.41766667,0.15200000
0.91906345,0.41766667,0.15166667
0.91910487,0.41733333,0.15166667
0.91911060,0.41700000,0.15166667
0.91912544,0.41666667,0.15166667
0.91913432,0.41633333,0.15166667
0.91914022,0.41600000,0.15166667
0.91915286,0.41600000,0.15133333
0.91924798,0.41600000,0.15100000
0.91925192,0.41600000,0.15066667
0.91927242,0.41600000,0.15033333
0.91928387,0.41600000,0.15000000
0.91938430,0.41600000,0.14966667
0.91943789,0.41600000,0.14933333
0.91943932,0.41566667,0.14933333
0.91947830,0.41566667,0.14900000
0.91951311,0.41566667,0.14866667
0.91957933,0.41566667,0.14833333
0.91966349,0.41533333,0.14833333
0.91969532,0.41533333,0.14800000
0.91972506,0.41500000,0.14800000
0.91973114,0.41466667,0.14800000
0.91980535,0.41433333,0.14800000
0.91983366,0.41400000,0.14800000
0.91984379,0.41400000,0.14766667
0.91994047,0.41366667,0.14766667
0.91998142,0.41333333,0.14766667
0.92010188,0.41300000,0.14766667
0.92017043,0.41300000,0.14733333
0.92017674,0.41300000,0.14700000
0.92019063,0.41266667,0.14700000
0.92021132,0.41233333,0.14700000
0.92027420,0.41233333,0.14666667
0.92027557,0.41200000,0.14666667
0.92028427,0.41200000,0.14633333
0.92029202,0.41166667,0.14633333
0.92029232,0.41133333,0.14633333
0.92030376,0.41100000,0.14633333
0.92042357,0.41066667,0.14633333
0.92048973,0.41066667,0.14600000
0.92049313,0.41066667,0.14566667
0.92051291,0.41033333,0.14566667
0.92057598,0.41033333,0.14533333
0.92060363,0.41000000,0.14533333
0.92064238,0.40966667,0.14533333
0.92066252,0.40933333,0.14533333
0.92074525,0.40900000,0.14533333
0.92080331,0.40866667,0.14533333
0.92081475,0.40866667,0.14500000
0.92082977,0.40833333,0.14500000
0.92096925,0.40800000,0.14500000
0.92112041,0.40766667,0.14500000
0.92113060,0.40733333,0.14500000
0.92117321,0.40700000,0.14500000
0.92121589,0.40666667,0.14500000
0.92125249,0.40666667,0.14466667
0.92128158,0.40633333,0.14466667
0.92128587,0.40633333,0.14433333
0.92138112,0.40633333,0.14400000
0.92144263,0.40600000,0.14400000
0.92144966,0.40566667,0.14400000
0.92150962,0.40533333,0.14400000
0.92151165,0.40533333,0.14366667
0.92156100,0.40533333,0.14333333
0.92156196,0.40500000,0.14333333
0.92157805,0.40466667,0.14333333
0.92165464,0.40433333,0.14333333
0.92171347,0.40400000,0.14333333
0.92174613,0.40366667,0.14333333
0.92181891,0.40333333,0.14333333
0.92186612,0.40300000,0.14333333
0.92193806,0.40300000,0.14300000
0.92198288,0.40266667,0.14300000
0.92199755,0.40233333,0.14300000
0.92205393,0.40233333,0.14266667
0.92208242,0.40233333,0.14233333
0.92210758,0.40200000,0.14233333
0.92211366,0.40166667,0.14233333
0.92214304,0.40133333,0.14233333
0.92218351,0.40100000,0.14233333
0.92220604,0.40100000,0.14200000
0.92222357,0.40066667,0.14200000
0.92238802,0.40033333,0.14200000
0.92247725,0.40033333,0.14166667
0.92247885,0.40000000,0.14166667
0.92250669,0.39966667,0.14166667
0.92253965,0.39933333,0.14166667
0.92254353,0.39900000,0.14166667
0.92257988,0.39900000,0.14133333
0.92258483,0.39900000,0.14100000
0.92264056,0.39866667,0.14100000
0.92264754,0.39833333,0.14100000
0.92265606,0.39800000,0.14100000
0.92268705,0.39800000,0.14066667
0.92271519,0.39800000,0.14033333
0.92272770,0.39766667,0.14033333
0.92275667,0.39766667,0.14000000
0.92277265,0.39766667,0.13966667
0.92279083,0.39733333,0.13966667
0.92282689,0.39700000,0.13966667
0.92285204,0.39666667,0.13966667
0.92295533,0.39633333,0.13966667
0.92295861,0.39633333,0.13933333
0.92296678,0.39600000,0.13933333
0.92296815,0.39566667,0.13933333
0.92299747,0.39533333,0.13933333
0.92306978,0.39533333,0.13900000
0.92314625,0.39533333,0.13866667
0.92317331,0.39533333,0.13833333
0.92325664,0.39500000,0.13833333
0.92332458,0.39500000,0.13800000
0.92340249,0.39466667,0.13800000
0.92346275,0.39433333,0.13800000
0.92354035,0.39400000,0.13800000
0.92359996,0.39366667,0.13800000
0.92360663,0.39333333,0.13800000
0.92372978,0.39300000,0.13800000
0.92379999,0.39266667,0.13800000
0.92380089,0.39233333,0.13800000
0.92387068,0.39233333,0.13766667
0.92390561,0.39200000,0.13766667
0.92392886,0.39166667,0.13766667
0.92396188,0.39133333,0.13766667
0.92403966,0.39100000,0.13766667
0.92405534,0.39100000,0.13733333
0.92411840,0.39066667,0.13733333
0.92413068,0.39033333,0.13733333
0.92418581,0.39033333,0.13700000
0.92421436,0.39000000,0.13700000
0.92423475,0.38966667,0.13700000
0.92426062,0.38966667,0.13666667
0.92426372,0.38933333,0.13666667
0.92428625,0.38900000,0.13666667
0.92432153,0.38900000,0.13633333
0.92432749,0.38866667,0.13633333
0.92433316,0.38866667,0.13600000
0.92433721,0.38866667,0.13566667
0.92442191,0.38833333,0.13566667
0.92442751,0.38800000,0.13566667
0.92446810,0.38800000,0.13533333
0.92448080,0.38800000,0.13500000
0.92460334,0.38766667,0.13500000
0.92461109,0.38733333,0.13500000
0.92462099,0.38700000,0.13500000
0.92462552,0.38700000,0.13466667
0.92468083,0.38666667,0.13466667
0.92468154,0.38666667,0.13433333
0.92474818,0.38633333,0.13433333
0.92480177,0.38633333,0.13400000
0.92489159,0.38633333,0.13366667
0.92490900,0.38600000,0.13366667
0.92498255,0.38566667,0.13366667
0.92503572,0.38533333,0.13366667
0.92504930,0.38533333,0.13333333
0.92513269,0.38500000,0.13333333
0.92513937,0.38466667,0.13333333
0.92513967,0.38466667,0.13300000
0.92513978,0.38466667,0.13266667
0.92514646,0.38466667,0.13233333
0.92517507,0.38466667,0.13200000
0.92518985,0.38466667,0.13166667
0.92523587,0.38466667,0.13133333
0.92524683,0.38433333,0.13133333
0.92525339,0.38400000,0.13133333
0.92531490,0.38366667,0.13133333
0.92532450,0.38333333,0.13133333
0.92533290,0.38300000,0.13133333
0.92536688,0.38300000,0.13100000
0.92539012,0.38266667,0.13100000
0.92540807,0.38233333,0.13100000
0.92541611,0.38233333,0.13066667
0.92545354,0.38200000,0.13066667
0.92552102,0.38166667,0.13066667
0.92555100,0.38133333,0.13066667
0.92555189,0.38100000,0.13066667
0.92555887,0.38100000,0.13033333
0.92556560,0.38066667,0.13033333
0.92558789,0.38033333,0.13033333
0.92559844,0.38000000,0.13033333
0.92562211,0.38000000,0.13000000
0.92567062,0.38000000,0.12966667
0.92567301,0.37966667,0.12966667
0.92567492,0.37933333,0.12966667
0.92568988,0.37900000,0.12966667
0.92574871,0.37866667,0.12966667
0.92575783,0.37833333,0.12966667
0.92579031,0.37833333,0.12933333
0.92580706,0.37833333,0.12900000
0.92581439,0.37800000,0.12900000
0.92585564,0.37800000,0.12866667
0.92586774,0.37800000,0.12833333
0.92588764,0.37800000,0.12800000
0.92592162,0.37800000,0.12766667
0.92597777,0.37766667,0.12766667
0.92599672,0.37766667,0.12733333
0.92600107,0.37733333,0.12733333
0.92602497,0.37733333,0.12700000
0.92602926,0.37700000,0.12700000
0.92608464,0.37700000,0.12666667
0.92609036,0.37666667,0.12666667
0.92609161,0.37666667,0.12633333
0.92620957,0.37633333,0.12633333
0.92621398,0.37600000,0.12633333
0.92621863,0.37566667,0.12633333
0.92623794,0.37533333,0.12633333
0.92629838,0.37533333,0.12600000
0.92645520,0.37500000,0.12600000
0.92645764,0.37466667,0.12600000
0.92651653,0.37433333,0.12600000
0.92652416,0.37433333,0.12566667
0.92652535,0.37400000,0.12566667
0.92655146,0.37366667,0.12566667
0.92666626,0.37366667,0.12533333
0.92669487,0.37366667,0.12500000
0.92675900,0.37333333,0.12500000
0.92680740,0.37300000,0.12500000
0.92689669,0.37266667,0.12500000
0.92692113,0.37266667,0.12466667
0.92692333,0.37233333,0.12466667
0.92693043,0.37200000,0.12466667
0.92697608,0.37200000,0.12433333
0.92701203,0.37166667,0.12433333
0.92702669,0.37133333,0.12433333
0.92702740,0.37100000,0.12433333
0.92711091,0.37066667,0.12433333
0.92713833,0.37033333,0.12433333
0.92715055,0.37000000,0.12433333
0.92716068,0.36966667,0.12433333
0.92717159,0.36966667,0.12400000
0.92717177,0.36966667,0.12366667
0.92719650,0.36933333,0.12366667
0.92722797,0.36900000,0.12366667
0.92727429,0.36866667,0.12366667
0.92727828,0.36833333,0.12366667
0.92729747,0.36800000,0.12366667
0.92736542,0.36766667,0.12366667
0.92737108,0.36733333,0.12366667
0.92753494,0.36700000,0.12366667
0.92763478,0.36666667,0.12366667
0.92768991,0.36633333,0.12366667
0.92769396,0.36600000,0.12366667
0.92770272,0.36566667,0.12366667
0.92771828,0.36533333,0.12366667
0.92773962,0.36500000,0.12366667
0.92774260,0.36466667,0.12366667
0.92779720,0.36433333,0.12366667
0.92780495,0.36400000,0.12366667
0.92793268,0.36400000,0.12333333
0.92794251,0.36400000,0.12300000
0.92799014,0.36400000,0.12266667
0.92799783,0.36400000,0.12233333
0.92800128,0.36366667,0.12233333
0.92805910,0.36333333,0.12233333
0.92807919,0.36333333,0.12200000
0.92812812,0.36300000,0.12200000
0.92814231,0.36266667,0.12200000
0.92818552,0.36266667,0.12166667
0.92825538,0.36233333,0.12166667
0.92827696,0.36233333,0.12133333
0.92828155,0.36200000,0.12133333
0.92833155,0.36166667,0.12133333
0.92835462,0.36166667,0.12100000
0.92862821,0.36133333,0.12100000
0.92864096,0.36100000,0.12100000
0.92868650,0.36066667,0.12100000
0.92871690,0.36033333,0.12100000
0.92874897,0.36033333,0.12066667
0.92882669,0.36033333,0.12033333
0.92885172,0.36000000,0.12033333
0.92889327,0.35966667,0.12033333
0.92889619,0.35933333,0.12033333
0.92890990,0.35900000,0.12033333
0.92891264,0.35866667,0.12033333
0.92891622,0.35866667,0.12000000
0.92892927,0.35866667,0.11966667
0.92895782,0.35833333,0.11966667
0.92902178,0.35800000,0.11966667
0.92908853,0.35766667,0.11966667
0.92916620,0.35766667,0.11933333
0.92925644,0.35766667,0.11900000
0.92925715,0.35733333,0.11900000
0.92928851,0.35733333,0.11866667
0.92930430,0.35700000,0.11866667
0.92931461,0.35666667,0.11866667
0.92931896,0.35666667,0.11833333
0.92932141,0.35633333,0.11833333
0.92939860,0.35600000,0.11833333
0.92941689,0.35566667,0.11833333
0.92946184,0.35566667,0.11800000
0.92949200,0.35533333,0.11800000
0.92954040,0.35533333,0.11766667
0.92954594,0.35533333,0.11733333
0.92958987,0.35533333,0.11700000
0.92959148,0.35533333,0.11666667
0.92961478,0.35500000,0.11666667
0.92962652,0.35500000,0.11633333
0.92963934,0.35466667,0.11633333
0.92971045,0.35433333,0.11633333
0.92972207,0.35400000,0.11633333
0.92974031,0.35366667,0.11633333
0.92974901,0.35333333,0.11633333
0.92980933,0.35300000,0.11633333
0.92982858,0.35266667,0.11633333
0.92984104,0.35233333,0.11633333
0.92988527,0.35233333,0.11600000
0.92990798,0.35233333,0.11566667
0.92993665,0.35200000,0.11566667
0.92994750,0.35166667,0.11566667
0.92999655,0.35166667,0.11533333
0.93002987,0.35166667,0.11500000
0.93006456,0.35166667,0.11466667
0.93008077,0.35166667,0.11433333
0.93009430,0.35133333,0.11433333
0.93014306,0.35133333,0.11400000
0.93019897,0.35100000,0.11400000
0.93023872,0.35100000,0.11366667
0.93027610,0.35100000,0.11333333
0.93028164,0.35100000,0.11300000
0.93028247,0.35100000,0.11266667
0.93033671,0.35100000,0.11233333
0.93041331,0.35066667,0.11233333
0.93049043,0.35066667,0.11200000
0.93049514,0.35033333,0.11200000
0.93049896,0.35000000,0.11200000
0.93052059,0.34966667,0.11200000
0.93055910,0.34933333,0.11200000
0.93057275,0.34933333,0.11166667
0.93058741,0.34900000,0.11166667
0.93063569,0.34900000,0.11133333
0.93070805,0.34900000,0.11100000
0.93074214,0.34900000,0.11066667
0.93076605,0.34866667,0.11066667
0.93077058,0.34833333,0.11066667
0.93077368,0.34833333,0.11033333
0.93077463,0.34800000,0.11033333
0.93082792,0.34766667,0.11033333
0.93083763,0.34733333,0.11033333
0.93087006,0.34700000,0.11033333
0.93098724,0.34666667,0.11033333
0.93099093,0.34666667,0.11000000
0.93104035,0.34633333,0.11000000
0.93105787,0.34633333,0.10966667
0.93108612,0.34633333,0.10933333
0.93111557,0.34600000,0.10933333
0.93115366,0.34600000,0.10900000
0.93115950,0.34566667,0.10900000
0.93118155,0.34566667,0.10866667
0.93121177,0.34533333,0.10866667
0.93121660,0.34500000,0.10866667
0.93123877,0.34466667,0.10866667
0.93130386,0.34466667,0.10833333
0.93131435,0.34433333,0.10833333
0.93134320,0.34400000,0.10833333
0.93139201,0.34400000,0.10800000
0.93147409,0.34400000,0.10766667
0.93154705,0.34400000,0.10733333
0.93166929,0.34400000,0.10700000
0.93175662,0.34400000,0.10666667
0.93177098,0.34366667,0.10666667
0.93180603,0.34366667,0.10633333
0.93180835,0.34366667,0.10600000
0.93180954,0.34333333,0.10600000
0.93182254,0.34300000,0.10600000
0.93182355,0.34300000,0.10566667
0.93189627,0.34266667,0.10566667
0.93193334,0.34266667,0.10533333
0.93197751,0.34233333,0.10533333
0.93198824,0.34200000,0.10533333
0.93208134,0.34166667,0.10533333
0.93211859,0.34133333,0.10533333
0.93215334,0.34100000,0.10533333
0.93217677,0.34066667,0.10533333
0.93225765,0.34033333,0.10533333
0.93225795,0.34000000,0.10533333
0.93226147,0.33966667,0.10533333
0.93227649,0.33933333,0.10533333
0.93233705,0.33900000,0.10533333
0.93241197,0.33900000,0.10500000
0.93241358,0.33866667,0.10500000
0.93243444,0.33833333,0.10500000
0.93253529,0.33800000,0.10500000
0.93258548,0.33766667,0.10500000
0.93261707,0.33733333,0.10500000
0.93262374,0.33700000,0.10500000
0.93265009,0.33700000,0.10466667
0.93266475,0.33700000,0.10433333
0.93266535,0.33666667,0.10433333
0.93266642,0.33666667,0.10400000
0.93271619,0.33633333,0.10400000
0.93285525,0.33633333,0.10366667
0.93288010,0.33600000,0.10366667
0.93289822,0.33566667,0.10366667
0.93292880,0.33533333,0.10366667
0.93297166,0.33500000,0.10366667
0.93302417,0.33500000,0.10333333
0.93303126,0.33466667,0.10333333
0.93304956,0.33466667,0.10300000
0.93319690,0.33433333,0.10300000
0.93322682,0.33400000,0.10300000
0.93331933,0.33366667,0.10300000
0.93332064,0.33333333,0.10300000
0.93332255,0.33333333,0.10266667
0.93337178,0.33300000,0.10266667
0.93342572,0.33266667,0.10266667
0.93343359,0.33233333,0.10266667
0.93347728,0.33200000,0.10266667
0.93352598,0.33200000,0.10233333
0.93356007,0.33200000,0.10200000
0.93356818,0.33166667,0.10200000
0.93357801,0.33166667,0.10166667
0.93362164,0.33166667,0.10133333
0.93367028,0.33166667,0.10100000
0.93368691,0.33133333,0.10100000
0.93381441,0.33100000,0.10100000
0.93391418,0.33066667,0.10100000
0.93391562,0.33066667,0.10066667
0.93400252,0.33066667,0.10033333
0.93400979,0.33033333,0.10033333
0.93401778,0.33000000,0.10033333
0.93401957,0.33000000,0.10000000
0.93405199,0.32966667,0.10000000
0.93407810,0.32933333,0.10000000
0.93415135,0.32900000,0.10000000
0.93417770,0.32866667,0.10000000
0.93418479,0.32833333,0.10000000
0.93419981,0.32800000,0.10000000
0.93420452,0.32766667,0.10000000
0.93424034,0.32733333,0.10000000
0.93424416,0.32700000,0.10000000
0.93429160,0.32666667,0.10000000
0.93437803,0.32633333,0.10000000
0.93445480,0.32600000,0.10000000
0.93447769,0.32566667,0.10000000
0.93456197,0.32566667,0.09966667
0.93456912,0.32533333,0.09966667
0.93465608,0.32500000,0.09966667
0.93468785,0.32466667,0.09966667
0.93477929,0.32433333,0.09966667
0.93478763,0.32400000,0.09966667
0.93481219,0.32366667,0.09966667
0.93484050,0.32333333,0.09966667
0.93487394,0.32300000,0.09966667
0.93491220,0.32266667,0.09966667
0.93495154,0.32233333,0.09966667
0.93495321,0.32200000,0.09966667
0.93496144,0.32200000,0.09933333
0.93499053,0.32166667,0.09933333
0.93499660,0.32166667,0.09900000
0.93501776,0.32133333,0.09900000
0.93509263,0.32133333,0.09866667
0.93510222,0.32100000,0.09866667
0.93517715,0.32100000,0.09833333
0.93518329,0.32066667,0.09833333
0.93522525,0.32033333,0.09833333
0.93528044,0.32000000,0.09833333
0.93533188,0.31966667,0.09833333
0.93536234,0.31933333,0.09833333
0.93540168,0.31933333,0.09800000
0.93544108,0.31933333,0.09766667
0.93549573,0.31933333,0.09733333
0.93554235,0.31933333,0.09700000
0.93556261,0.31900000,0.09700000
0.93567568,0.31900000,0.09666667
0.93567967,0.31866667,0.09666667
0.93568647,0.31833333,0.09666667
0.93569875,0.31833333,0.09633333
0.93572128,0.31833333,0.09600000
0.93572974,0.31833333,0.09566667
0.93581003,0.31833333,0.09533333
0.93581164,0.31833333,0.09500000
0.93581194,0.31800000,0.09500000
0.93582225,0.31800000,0.09466667
0.93585157,0.31766667,0.09466667
0.93589389,0.31733333,0.09466667
0.93590081,0.31700000,0.09466667
0.93597192,0.31700000,0.09433333
0.93597662,0.31666667,0.09433333
0.93597680,0.31633333,0.09433333
0.93599617,0.31600000,0.09433333
0.93607605,0.31566667,0.09433333
0.93615484,0.31566667,0.09400000
0.93616664,0.31533333,0.09400000
0.93617201,0.31500000,0.09400000
0.93624526,0.31466667,0.09400000
0.93626785,0.31466667,0.09366667
0.93636835,0.31433333,0.09366667
0.93637675,0.31400000,0.09366667
0.93638778,0.31400000,0.09333333
0.93638867,0.31366667,0.09333333
0.93647814,0.31366667,0.09300000
0.93652225,0.31333333,0.09300000
0.93652749,0.31300000,0.09300000
0.93665099,0.31266667,0.09300000
0.93669498,0.31233333,0.09300000
0.93670464,0.31200000,0.09300000
0.93671310,0.31166667,0.09300000
0.93675619,0.31133333,0.09300000
0.93676019,0.31100000,0.09300000
0.93680358,0.31066667,0.09300000
0.93686509,0.31066667,0.09266667
0.93687332,0.31033333,0.09266667
0.93691009,0.31000000,0.09266667
0.93694282,0.30966667,0.09266667
0.93700397,0.30933333,0.09266667
0.93703413,0.30933333,0.09233333
0.93715769,0.30900000,0.09233333
0.93726170,0.30866667,0.09233333
0.93727523,0.30866667,0.09200000
0.93730497,0.30833333,0.09200000
0.93730712,0.30833333,0.09166667
0.93731266,0.30800000,0.09166667
0.93733120,0.30766667,0.09166667
0.93733251,0.30733333,0.09166667
0.93734574,0.30700000,0.09166667
0.93740416,0.30666667,0.09166667
0.93740678,0.30666667,0.09133333
0.93740690,0.30633333,0.09133333
0.93741679,0.30600000,0.09133333
0.93741739,0.30566667,0.09133333
0.93742079,0.30533333,0.09133333
0.93743593,0.30500000,0.09133333
0.93765920,0.30466667,0.09133333
0.93772864,0.30466667,0.09100000
0.93777090,0.30433333,0.09100000
0.93777817,0.30433333,0.09066667
0.93778425,0.30433333,0.09033333
0.93779606,0.30400000,0.09033333
0.93779886,0.30400000,0.09000000
0.93786454,0.30366667,0.09000000
0.93801713,0.30333333,0.09000000
0.93804306,0.30300000,0.09000000
0.93813050,0.30266667,0.09000000
0.93824315,0.30233333,0.09000000
0.93826944,0.30200000,0.09000000
0.93831062,0.30166667,0.09000000
0.93832386,0.30166667,0.08966667
0.93837869,0.30166667,0.08933333
0.93841690,0.30133333,0.08933333
0.93848372,0.30100000,0.08933333
0.93849641,0.30100000,0.08900000
0.93852127,0.30066667,0.08900000
0.93858790,0.30066667,0.08866667
0.93866980,0.30066667,0.08833333
0.93869197,0.30033333,0.08833333
0.93874484,0.30033333,0.08800000
0.93875486,0.30000000,0.08800000
0.93888628,0.30000000,0.08766667
0.93890989,0.29966667,0.08766667
0.93893820,0.29966667,0.08733333
0.93898386,0.29933333,0.08733333
0.93900943,0.29900000,0.08733333
0.93906236,0.29866667,0.08733333
0.93908566,0.29833333,0.08733333
0.93912733,0.29833333,0.08700000
0.93915105,0.29833333,0.08666667
0.93923032,0.29833333,0.08633333
0.93924594,0.29800000,0.08633333
0.93928277,0.29766667,0.08633333
0.93930113,0.29733333,0.08633333
0.93935663,0.29733333,0.08600000
0.93935764,0.29733333,0.08566667
0.93940198,0.29733333,0.08533333
0.93940866,0.29733333,0.08500000
0.93942666,0.29700000,0.08500000
0.93949503,0.29700000,0.08466667
0.93954980,0.29666667,0.08466667
0.93956327,0.29666667,0.08433333
0.93957615,0.29633333,0.08433333
0.93964517,0.29633333,0.08400000
0.93980342,0.29600000,0.08400000
0.93984067,0.29566667,0.08400000
0.93985558,0.29566667,0.08366667
0.93990099,0.29533333,0.08366667
0.93992746,0.29500000,0.08366667
0.93996251,0.29500000,0.08333333
0.93998790,0.29466667,0.08333333
0.93998933,0.29433333,0.08333333
0.94003201,0.29400000,0.08333333
0.94004250,0.29366667,0.08333333
0.94005078,0.29333333,0.08333333
0.94009793,0.29333333,0.08300000
0.94011247,0.29300000,0.08300000
0.94011456,0.29266667,0.08300000
0.94016558,0.29233333,0.08300000
0.94018841,0.29233333,0.08266667
0.94021499,0.29200000,0.08266667
0.94021589,0.29200000,0.08233333
0.94022709,0.29200000,0.08200000
0.94030941,0.29166667,0.08200000
0.94032705,0.29133333,0.08200000
0.94041944,0.29133333,0.08166667
0.94049740,0.29100000,0.08166667
0.94050902,0.29066667,0.08166667
0.94052798,0.29033333,0.08166667
0.94065976,0.29000000,0.08166667
0.94066280,0.28966667,0.08166667
0.94071406,0.28933333,0.08166667
0.94071805,0.28933333,0.08133333
0.94072723,0.28900000,0.08133333
0.94073546,0.28866667,0.08133333
0.94077611,0.28866667,0.08100000
0.94084895,0.28833333,0.08100000
0.94086474,0.28800000,0.08100000
0.94088447,0.28766667,0.08100000
0.94090307,0.28733333,0.08100000
0.94096977,0.28733333,0.08066667
0.94099844,0.28700000,0.08066667
0.94101429,0.28666667,0.08066667
0.94109291,0.28666667,0.08033333
0.94115210,0.28633333,0.08033333
0.94115424,0.28600000,0.08033333
0.94115442,0.28566667,0.08033333
0.94115531,0.28533333,0.08033333
0.94116265,0.28500000,0.08033333
0.94117671,0.28500000,0.08000000
0.94117898,0.28466667,0.08000000
0.94125885,0.28466667,0.07966667
0.94135725,0.28466667,0.07933333
0.94136059,0.28433333,0.07933333
0.94139361,0.28400000,0.07933333
0.94147122,0.28366667,0.07933333
0.94148850,0.28333333,0.07933333
0.94149458,0.28300000,0.07933333
0.94151723,0.28266667,0.07933333
0.94154799,0.28233333,0.07933333
0.94155359,0.28200000,0.07933333
0.94156057,0.28166667,0.07933333
0.94156146,0.28133333,0.07933333
0.94157875,0.28100000,0.07933333
0.94157910,0.28066667,0.07933333
0.94162798,0.28033333,0.07933333
0.94168735,0.28000000,0.07933333
0.94170386,0.27966667,0.07933333
0.94172394,0.27966667,0.07900000
0.94175649,0.27933333,0.07900000
0.94179893,0.27933333,0.07866667
0.94180006,0.27933333,0.07833333
0.94184035,0.27933333,0.07800000
0.94185984,0.27933333,0.07766667
0.94190633,0.27900000,0.07766667
0.94194090,0.27866667,0.07766667
0.94201267,0.27833333,0.07766667
0.94206750,0.27800000,0.07766667
0.94207668,0.27766667,0.07733333
0.94208252,0.27733333,0.07733333
0.94209313,0.27700000,0.07733333
0.94209594,0.27666667,0.07733333
0.94214833,0.27633333,0.07733333
0.94216180,0.27600000,0.07733333
0.94218028,0.27600000,0.07700000
0.94219732,0.27600000,0.07666667
0.94222409,0.27566667,0.07666667
0.94223189,0.27533333,0.07666667
0.94226575,0.27500000,0.07666667
0.94226623,0.27500000,0.07633333
0.94234884,0.27466667,0.07633333
0.94242209,0.27466667,0.07600000
0.94243675,0.27466667,0.07566667
0.94246650,0.27433333,0.07566667
0.94250846,0.27400000,0.07566667
0.94253623,0.27400000,0.07533333
0.94268334,0.27366667,0.07533333
0.94273758,0.27333333,0.07533333
0.94277644,0.27300000,0.07533333
0.94279271,0.27300000,0.07500000
0.94279850,0.27266667,0.07500000
0.94280601,0.27266667,0.07466667
0.94282466,0.27266667,0.07433333
0.94282484,0.27266667,0.07400000
0.94284260,0.27233333,0.07400000
0.94294608,0.27200000,0.07400000
0.94295061,0.27166667,0.07400000
0.94301808,0.27166667,0.07366667
0.94305784,0.27133333,0.07366667
0.94309306,0.27100000,0.07366667
0.94309443,0.27100000,0.07333333
0.94311851,0.27066667,0.07333333
0.94312668,0.27066667,0.07300000
0.94313425,0.27033333,0.07300000
0.94319415,0.27033333,0.07266667
0.94321442,0.27000000,0.07266667
0.94322687,0.26966667,0.07266667
0.94323552,0.26933333,0.07266667
0.94323695,0.26933333,0.07233333
0.94325578,0.26900000,0.07233333
0.94325852,0.26900000,0.07200000
0.94325954,0.26866667,0.07200000
0.94331771,0.26833333,0.07200000
0.94332123,0.26800000,0.07200000
0.94332540,0.26766667,0.07200000
0.94338155,0.26766667,0.07166667
0.94342268,0.26733333,0.07166667
0.94344521,0.26733333,0.07133333
0.94349170,0.26700000,0.07133333
0.94349492,0.26700000,0.07100000
0.94349766,0.26700000,0.07066667
0.94350624,0.26666667,0.07066667
0.94356841,0.26666667,0.07033333
0.94370115,0.26666667,0.07000000
0.94371182,0.26633333,0.07000000
0.94372439,0.26633333,0.06966667
0.94373429,0.26600000,0.06966667
0.94378603,0.26566667,0.06966667
0.94382352,0.26533333,0.06966667
0.94387740,0.26500000,0.06966667
0.94388944,0.26500000,0.06933333
0.94389963,0.26466667,0.06933333
0.94395638,0.26433333,0.06933333
0.94395876,0.26400000,0.06933333
0.94401383,0.26366667,0.06933333
0.94402570,0.26366667,0.06900000
0.94403303,0.26333333,0.06900000
0.94419533,0.26333333,0.06866667
0.94429111,0.26300000,0.06866667
0.94429213,0.26266667,0.06866667
0.94436091,0.26233333,0.06866667
0.94441080,0.26200000,0.06866667
0.94452518,0.26166667,0.06866667
0.94453084,0.26133333,0.06866667
0.94455498,0.26133333,0.06833333
0.94460177,0.26100000,0.06833333
0.94463235,0.26100000,0.06800000
0.94464254,0.26066667,0.06800000
0.94466156,0.26033333,0.06800000
0.94470257,0.26033333,0.06766667
0.94477236,0.26000000,0.06766667
0.94481051,0.26000000,0.06733333
0.94482756,0.25966667,0.06733333
0.94485152,0.25933333,0.06733333
0.94485295,0.25900000,0.06733333
0.94508731,0.25866667,0.06733333
0.94513881,0.25833333,0.06733333
0.94515175,0.25800000,0.06733333
0.94516450,0.25766667,0.06733333
0.94539458,0.25733333,0.06733333
0.94539684,0.25700000,0.06733333
0.94539988,0.25666667,0.06733333
0.94547105,0.25633333,0.06733333
0.94547284,0.25600000,0.06733333
0.94555897,0.25600000,0.06700000
0.94557118,0.25600000,0.06666667
0.94558567,0.25566667,0.06666667
0.94559062,0.25533333,0.06666667
0.94568515,0.25533333,0.06633333
0.94570804,0.25500000,0.06633333
0.94571620,0.25466667,0.06633333
0.94579697,0.25433333,0.06633333
0.94587004,0.25400000,0.06633333
0.94599700,0.25366667,0.06633333
0.94606996,0.25333333,0.06633333
0.94611287,0.25300000,0.06633333
0.94612300,0.25266667,0.06633333
0.94613290,0.25233333,0.06633333
0.94622988,0.25233333,0.06600000
0.94624084,0.25233333,0.06566667
0.94638032,0.25200000,0.06566667
0.94641948,0.25166667,0.06566667
0.94642681,0.25133333,0.06566667
0.94646090,0.25100000,0.06566667
0.94669026,0.25066667,0.06566667
0.94673437,0.25033333,0.06566667
0.94676137,0.25033333,0.06533333
0.94677168,0.25033333,0.06500000
0.94678712,0.25033333,0.06466667
0.94682407,0.25000000,0.06466667
0.94683981,0.24966667,0.06466667
0.94684541,0.24933333,0.06466667
0.94688553,0.24900000,0.06466667
0.94692975,0.24866667,0.06466667
0.94704759,0.24866667,0.06433333
0.94706881,0.24833333,0.06433333
0.94709015,0.24800000,0.06433333
0.94711298,0.24766667,0.06433333
0.94717413,0.24766667,0.06400000
0.94721800,0.24766667,0.06366667
0.94723141,0.24733333,0.06366667
0.94725955,0.24733333,0.06333333
0.94726717,0.24733333,0.06300000
0.94727159,0.24700000,0.06300000
0.94728255,0.24666667,0.06300000
0.94729781,0.24633333,0.06300000
0.94735527,0.24633333,0.06266667
0.94735920,0.24600000,0.06266667
0.94738334,0.24566667,0.06266667
0.94741309,0.24533333,0.06266667
0.94743401,0.24533333,0.06233333
0.94750476,0.24500000,0.06233333
0.94754356,0.24466667,0.06233333
0.94756454,0.24433333,0.06233333
0.94758606,0.24400000,0.06233333
0.94773185,0.24366667,0.06233333
0.94776410,0.24333333,0.06233333
0.94776738,0.24300000,0.06233333
0.94779295,0.24266667,0.06233333
0.94779968,0.24233333,0.06233333
0.94781250,0.24200000,0.06233333
0.94781703,0.24166667,0.06233333
0.94782960,0.24133333,0.06233333
0.94783783,0.24100000,0.06233333
0.94784099,0.24066667,0.06233333
0.94785041,0.24033333,0.06233333
0.94785058,0.24000000,0.06233333
0.94789565,0.24000000,0.06200000
0.94789845,0.23966667,0.06200000
0.94791734,0.23933333,0.06200000
0.94791877,0.23900000,0.06200000
0.94792104,0.23866667,0.06200000
0.94792509,0.23866667,0.06166667
0.94793701,0.23833333,0.06166667
0.94800913,0.23800000,0.06166667
0.94802618,0.23766667,0.06166667
0.94805968,0.23733333,0.06166667
0.94815648,0.23733333,0.06133333
0.94820869,0.23700000,0.06133333
0.94821984,0.23666667,0.06133333
0.94824183,0.23666667,0.06100000
0.94827092,0.23633333,0.06100000
0.94827235,0.23600000,0.06100000
0.94830418,0.23566667,0.06100000
0.94834822,0.23533333,0.06100000
0.94836283,0.23533333,0.06066667
0.94837922,0.23500000,0.06066667
0.94839686,0.23466667,0.06066667
0.94844127,0.23433333,0.06066667
0.94847953,0.23400000,0.06066667
0.94848943,0.23366667,0.06066667
0.94857860,0.23333333,0.06066667
0.94858706,0.23333333,0.06033333
0.94867623,0.23300000,0.06033333
0.94875866,0.23266667,0.06033333
0.94876963,0.23233333,0.06033333
0.94882417,0.23200000,0.06033333
0.94884217,0.23200000,0.06000000
0.94887793,0.23166667,0.06000000
0.94889355,0.23133333,0.06000000
0.94895816,0.23100000,0.06000000
0.94896215,0.23100000,0.05966667
0.94897795,0.23066667,0.05966667
0.94898069,0.23033333,0.05966667
0.94898915,0.23033333,0.05933333
0.94904846,0.23000000,0.05933333
0.94905436,0.22966667,0.05933333
0.94906557,0.22933333,0.05933333
0.94912064,0.22900000,0.05933333
0.94917250,0.22866667,0.05933333
0.94917375,0.22833333,0.05933333
0.94920087,0.22800000,0.05933333
0.94927865,0.22766667,0.05933333
0.94928050,0.22766667,0.05900000
0.94928330,0.22733333,0.05900000
0.94928795,0.22700000,0.05900000
0.94933164,0.22666667,0.05900000
0.94934833,0.22633333,0.05900000
0.94935626,0.22600000,0.05900000
0.94941849,0.22566667,0.05900000
0.94943076,0.22533333,0.05900000
0.94943118,0.22533333,0.05866667
0.94946724,0.22533333,0.05833333
0.94947267,0.22500000,0.05833333
0.94948244,0.22500000,0.05800000
0.94948566,0.22466667,0.05800000
0.94950712,0.22433333,0.05800000
0.94952166,0.22433333,0.05766667
0.94959873,0.22400000,0.05766667
0.94962394,0.22366667,0.05766667
0.94970232,0.22333333,0.05766667
0.94971061,0.22300000,0.05766667
0.94986069,0.22300000,0.05733333
0.94996786,0.22266667,0.05733333
0.94999528,0.22266667,0.05700000
0.95009196,0.22233333,0.05700000
0.95010626,0.22200000,0.05700000
0.95015919,0.22166667,0.05700000
0.95018613,0.22133333,0.05700000
0.95022553,0.22100000,0.05700000
0.95024008,0.22066667,0.05700000
0.95028090,0.22033333,0.05700000
0.95029032,0.22000000,0.05700000
0.95034039,0.21966667,0.05700000
0.95035744,0.21966667,0.05666667
0.95036912,0.21933333,0.05666667
0.95038104,0.21933333,0.05633333
0.95041382,0.21900000,0.05633333
0.95043361,0.21866667,0.05633333
0.95043910,0.21833333,0.05633333
0.95044291,0.21833333,0.05600000
0.95045662,0.21833333,0.05566667
0.95050174,0.21833333,0.05533333
0.95051342,0.21833333,0.05500000
0.95057511,0.21800000,0.05500000
0.95057565,0.21766667,0.05500000
0.95061082,0.21733333,0.05500000
0.95062828,0.21733333,0.05466667
0.95067084,0.21700000,0.05466667
0.95072907,0.21666667,0.05466667
0.95076656,0.21666667,0.05433333
0.95077133,0.21633333,0.05433333
0.95080072,0.21600000,0.05433333
0.95085895,0.21566667,0.05433333
0.95086557,0.21566667,0.05400000
0.95087028,0.21566667,0.05366667
0.95089173,0.21533333,0.05366667
0.95097589,0.21533333,0.05333333
0.95103621,0.21500000,0.05333333
0.95104527,0.21466667,0.05333333
0.95108169,0.21433333,0.05333333
0.95110351,0.21400000,0.05333333
0.95113611,0.21366667,0.05333333
0.95116782,0.21333333,0.05333333
0.95119703,0.21333333,0.05300000
0.95120776,0.21300000,0.05300000
0.95121044,0.21300000,0.05266667
0.95126617,0.21300000,0.05233333
0.95129162,0.21300000,0.05200000
0.95133603,0.21300000,0.05166667
0.95140898,0.21266667,0.05166667
0.95142144,0.21266667,0.05133333
0.95149159,0.21233333,0.05133333
0.95151830,0.21200000,0.05133333
0.95156711,0.21166667,0.05133333
0.95157039,0.21166667,0.05100000
0.95158428,0.21133333,0.05100000
0.95159733,0.21100000,0.05100000
0.95165104,0.21066667,0.05100000
0.95167333,0.21033333,0.05100000
0.95171297,0.21000000,0.05100000
0.95182616,0.20966667,0.05100000
0.95185483,0.20966667,0.05066667
0.95185870,0.20933333,0.05066667
0.95191908,0.20900000,0.05066667
0.95196384,0.20866667,0.05066667
0.95196390,0.20866667,0.05033333
0.95199275,0.20866667,0.05000000
0.95203292,0.20833333,0.05000000
0.95205003,0.20833333,0.04966667
0.95208788,0.20833333,0.04933333
0.95210505,0.20800000,0.04933333
0.95214987,0.20766667,0.04933333
0.95217758,0.20733333,0.04933333
0.95222515,0.20700000,0.04933333
0.95224005,0.20666667,0.04933333
0.95226455,0.20666667,0.04900000
0.95229709,0.20633333,0.04900000
0.95229864,0.20633333,0.04866667
0.95235431,0.20600000,0.04866667
0.95236546,0.20566667,0.04866667
0.95239365,0.20533333,0.04866667
0.95257139,0.20500000,0.04866667
0.95262516,0.20466667,0.04866667
0.95266700,0.20433333,0.04866667
0.95267344,0.20400000,0.04866667
0.95268506,0.20366667,0.04866667
0.95276350,0.20366667,0.04833333
0.95276731,0.20333333,0.04833333
0.95279992,0.20300000,0.04833333
0.95283008,0.20300000,0.04800000
0.95284694,0.20266667,0.04800000
0.95293337,0.20233333,0.04800000
0.95293677,0.20200000,0.04800000
0.95295620,0.20166667,0.04800000
0.95296144,0.20166667,0.04766667
0.95297050,0.20166667,0.04733333
0.95300001,0.20166667,0.04700000
0.95301247,0.20133333,0.04700000
0.95304686,0.20133333,0.04666667
0.95305407,0.20133333,0.04633333
0.95308852,0.20133333,0.04600000
0.95312303,0.20100000,0.04600000
0.95315421,0.20066667,0.04600000
0.95321327,0.20066667,0.04566667
0.95327616,0.20066667,0.04533333
0.95332778,0.20033333,0.04533333
0.95333064,0.20033333,0.04500000
0.95333862,0.20000000,0.04500000
0.95343554,0.19966667,0.04500000
0.95344949,0.19966667,0.04466667
0.95350522,0.19933333,0.04466667
0.95356882,0.19900000,0.04466667
0.95370877,0.19866667,0.04466667
0.95372260,0.19833333,0.04466667
0.95374024,0.19800000,0.04466667
0.95375061,0.19766667,0.04466667
0.95375669,0.19733333,0.04466667
0.95379996,0.19700000,0.04466667
0.95393014,0.19700000,0.04433333
0.95400500,0.19666667,0.04433333
0.95403653,0.19633333,0.04433333
0.95403880,0.19600000,0.04433333
0.95406914,0.19566667,0.04433333
0.95411235,0.19533333,0.04433333
0.95414042,0.19533333,0.04400000
0.95416242,0.19533333,0.04366667
0.95416951,0.19500000,0.04366667
0.95417333,0.19466667,0.04366667
0.95418799,0.19466667,0.04333333
0.95419282,0.19433333,0.04333333
0.95420629,0.19433333,0.04300000
0.95420772,0.19400000,0.04300000
0.95426452,0.19366667,0.04300000
0.95426863,0.19333333,0.04300000
0.95434904,0.19300000,0.04300000
0.95439261,0.19266667,0.04300000
0.95448315,0.19233333,0.04300000
0.95450580,0.19200000,0.04300000
0.95452821,0.19166667,0.04300000
0.95454931,0.19133333,0.04300000
0.95455849,0.19100000,0.04300000
0.95464587,0.19066667,0.04300000
0.95467949,0.19033333,0.04300000
0.95471489,0.19000000,0.04300000
0.95476145,0.19000000,0.04266667
0.95478427,0.18966667,0.04266667
0.95479929,0.18933333,0.04266667
0.95481467,0.18900000,0.04266667
0.95485574,0.18866667,0.04266667
0.95485884,0.18866667,0.04233333
0.95487177,0.18833333,0.04233333
0.95487833,0.18800000,0.04233333
0.95489275,0.18800000,0.04200000
0.95496207,0.18766667,0.04200000
0.95499426,0.18733333,0.04200000
0.95503211,0.18700000,0.04200000
0.95505047,0.18700000,0.04166667
0.95507634,0.18666667,0.04166667
0.95509553,0.18633333,0.04166667
0.95510030,0.18633333,0.04133333
0.95518327,0.18600000,0.04133333
0.95525432,0.18600000,0.04100000
0.95526791,0.18566667,0.04100000
0.95528871,0.18533333,0.04100000
0.95529455,0.18500000,0.04100000
0.95535976,0.18466667,0.04100000
0.95540190,0.18433333,0.04100000
0.95547497,0.18400000,0.04100000
0.95550424,0.18366667,0.04100000
0.95551419,0.18366667,0.04066667
0.95552397,0.18333333,0.04066667
0.95557189,0.18300000,0.04066667
0.95558619,0.18266667,0.04066667
0.95560360,0.18233333,0.04066667
0.95563555,0.18233333,0.04033333
0.95567989,0.18200000,0.04033333
0.95572156,0.18166667,0.04033333
0.95573848,0.18166667,0.04000000
0.95574570,0.18133333,0.04000000
0.95578551,0.18100000,0.04000000
0.95579875,0.18066667,0.04000000
0.95587850,0.18033333,0.04000000
0.95588481,0.18033333,0.03966667
0.95588517,0.18000000,0.03966667
0.95597732,0.17966667,0.03966667
0.95600057,0.17933333,0.03966667
0.95602745,0.17900000,0.03966667
0.95603669,0.17866667,0.03966667
0.95603967,0.17866667,0.03933333
0.95604074,0.17833333,0.03933333
0.95610034,0.17800000,0.03933333
0.95615828,0.17766667,0.03933333
0.95627594,0.17766667,0.03900000
0.95631313,0.17733333,0.03900000
0.95639414,0.17733333,0.03866667
0.95640367,0.17733333,0.03833333
0.95642424,0.17700000,0.03833333
0.95643091,0.17666667,0.03833333
0.95644027,0.17633333,0.03833333
0.95647502,0.17600000,0.03833333
0.95650733,0.17566667,0.03833333
0.95656449,0.17566667,0.03800000
0.95661104,0.17566667,0.03766667
0.95662701,0.17533333,0.03766667
0.95673639,0.17500000,0.03766667
0.95673728,0.17466667,0.03766667
0.95678800,0.17433333,0.03766667
0.95679253,0.17400000,0.03766667
0.95692444,0.17366667,0.03766667
0.95692760,0.17333333,0.03766667
0.95699793,0.17300000,0.03766667
0.95700049,0.17266667,0.03766667
0.95702279,0.17233333,0.03766667
0.95702577,0.17233333,0.03733333
0.95708287,0.17200000,0.03733333
0.95715547,0.17200000,0.03700000
0.95717275,0.17166667,0.03700000
0.95718336,0.17133333,0.03700000
0.95719618,0.17133333,0.03666667
0.95722473,0.17100000,0.03666667
0.95728123,0.17100000,0.03633333
0.95730484,0.17066667,0.03633333
0.95732951,0.17066667,0.03600000
0.95734107,0.17066667,0.03566667
0.95744359,0.17066667,0.03533333
0.95744956,0.17033333,0.03533333
0.95747447,0.17000000,0.03533333
0.95749342,0.17000000,0.03500000
0.95753151,0.16966667,0.03500000
0.95753849,0.16966667,0.03466667
0.95762348,0.16966667,0.03433333
0.95771134,0.16933333,0.03433333
0.95779848,0.16900000,0.03433333
0.95780581,0.16866667,0.03433333
0.95783252,0.16866667,0.03400000
0.95785773,0.16833333,0.03400000
0.95790607,0.16800000,0.03400000
0.95790696,0.16800000,0.03366667
0.95792890,0.16800000,0.03333333
0.95795327,0.16766667,0.03333333
0.95798331,0.16733333,0.03333333
0.95798647,0.16700000,0.03333333
0.95802927,0.16666667,0.03333333
0.95806915,0.16633333,0.03333333
0.95809501,0.16600000,0.03333333
0.95814216,0.16566667,0.03333333
0.95815313,0.16533333,0.03333333
0.95815808,0.16500000,0.03333333
0.95820177,0.16500000,0.03300000
0.95840681,0.16466667,0.03300000
0.95840871,0.16433333,0.03300000
0.95850855,0.16400000,0.03300000
0.95855212,0.16366667,0.03300000
0.95860112,0.16366667,0.03266667
0.95863998,0.16333333,0.03266667
0.95865726,0.16300000,0.03266667
0.95866305,0.16300000,0.03233333
0.95869315,0.16266667,0.03233333
0.95869923,0.16233333,0.03233333
0.95872968,0.16200000,0.03233333
0.95874351,0.16166667,0.03233333
0.95878530,0.16133333,0.03233333
0.95885104,0.16100000,0.03233333
0.95887256,0.16066667,0.03233333
0.95890927,0.16066667,0.03200000
0.95895898,0.16033333,0.03200000
0.95897675,0.16033333,0.03166667
0.95898259,0.16033333,0.03133333
0.95898604,0.16000000,0.03133333
0.95899677,0.15966667,0.03133333
0.95901597,0.15933333,0.03133333
0.95902586,0.15900000,0.03133333
0.95915675,0.15866667,0.03133333
0.95915848,0.15833333,0.03133333
0.95920008,0.15800000,0.03133333
0.95930511,0.15800000,0.03100000
0.95936346,0.15766667,0.03100000
0.95937562,0.15733333,0.03100000
0.95947355,0.15700000,0.03100000
0.95952976,0.15666667,0.03100000
0.95956337,0.15633333,0.03100000
0.95963001,0.15633333,0.03066667
0.95966458,0.15600000,0.03066667
0.95967329,0.15566667,0.03066667
0.95969743,0.15533333,0.03066667
0.95969975,0.15500000,0.03066667
0.95972461,0.15466667,0.03066667
0.95978832,0.15433333,0.03066667
0.95984638,0.15433333,0.03033333
0.95986795,0.15400000,0.03033333
0.95991766,0.15400000,0.03000000
0.95993733,0.15400000,0.02966667
0.96016186,0.15366667,0.02966667
0.96018004,0.15333333,0.02966667
0.96022910,0.15300000,0.02966667
0.96025085,0.15266667,0.02966667
0.96039742,0.15233333,0.02966667
0.96045393,0.15200000,0.02966667
0.96061891,0.15166667,0.02966667
0.96064782,0.15133333,0.02966667
0.96070457,0.15100000,0.02966667
0.96072531,0.15100000,0.02933333
0.96076494,0.15100000,0.02900000
0.96076667,0.15066667,0.02900000
0.96079713,0.15066667,0.02866667
0.96088660,0.15033333,0.02866667
0.96090388,0.15000000,0.02866667
0.96091199,0.14966667,0.02866667
0.96096092,0.14933333,0.02866667
0.96096534,0.14900000,0.02866667
0.96102744,0.14866667,0.02866667
0.96114635,0.14833333,0.02866667
0.96116233,0.14833333,0.02833333
0.96121997,0.14800000,0.02833333
0.96122122,0.14800000,0.02800000
0.96126461,0.14766667,0.02800000
0.96127248,0.14733333,0.02800000
0.96129555,0.14700000,0.02800000
0.96130407,0.14666667,0.02800000
0.96130729,0.14633333,0.02800000
0.96132946,0.14633333,0.02766667
0.96135628,0.14600000,0.02766667
0.96136665,0.14600000,0.02733333
0.96136951,0.14600000,0.02700000
0.96142143,0.14566667,0.02700000
0.96152830,0.14533333,0.02700000
0.96154577,0.14500000,0.02700000
0.96156389,0.14466667,0.02700000
0.96156472,0.14466667,0.02666667
0.96160495,0.14433333,0.02666667
0.96164310,0.14433333,0.02633333
0.96166193,0.14400000,0.02633333
0.96166933,0.14366667,0.02633333
0.96170998,0.14366667,0.02600000
0.96187258,0.14333333,0.02600000
0.96188509,0.14300000,0.02600000
0.96190679,0.14266667,0.02600000
0.96193302,0.14266667,0.02566667
0.96193630,0.14233333,0.02566667
0.96194911,0.14200000,0.02566667
0.96195012,0.14166667,0.02566667
0.96198606,0.14133333,0.02566667
0.96200657,0.14100000,0.02566667
0.96201658,0.14100000,0.02533333
0.96202761,0.14066667,0.02533333
0.96203703,0.14066667,0.02500000
0.96210396,0.14066667,0.02466667
0.96211863,0.14033333,0.02466667
0.96212423,0.14033333,0.02433333
0.96213186,0.14000000,0.02433333
0.96221066,0.14000000,0.02400000
0.96224368,0.14000000,0.02366667
0.96232164,0.13966667,0.02366667
0.96233821,0.13933333,0.02366667
0.96236336,0.13933333,0.02333333
0.96247339,0.13900000,0.02333333
0.96251267,0.13866667,0.02333333
0.96256745,0.13833333,0.02333333
0.96260738,0.13833333,0.02300000
0.96263063,0.13800000,0.02300000
0.96273601,0.13800000,0.02266667
0.96296620,0.13800000,0.02233333
0.96297216,0.13766667,0.02233333
0.96299529,0.13733333,0.02233333
0.96306938,0.13700000,0.02233333
0.96307659,0.13700000,0.02200000
0.96309149,0.13666667,0.02200000
0.96312839,0.13633333,0.02200000
0.96315110,0.13633333,0.02166667
0.96315277,0.13633333,0.02133333
0.96317005,0.13633333,0.02100000
0.96317130,0.13600000,0.02100000
0.96319926,0.13566667,0.02100000
0.96323502,0.13533333,0.02100000
0.96326876,0.13500000,0.02100000
0.96331191,0.13466667,0.02100000
0.96331918,0.13466667,0.02066667
0.96332479,0.13466667,0.02033333
0.96336353,0.13433333,0.02033333
0.96340871,0.13433333,0.02000000
0.96345901,0.13400000,0.02000000
0.96353328,0.13366667,0.02000000
0.96358407,0.13333333,0.02000000
0.96360219,0.13300000,0.02000000
0.96364236,0.13266667,0.02000000
0.96379340,0.13266667,0.01966667
0.96384466,0.13266667,0.01933333
0.96385145,0.13233333,0.01933333
0.96390647,0.13233333,0.01900000
0.96393692,0.13200000,0.01900000
0.96397465,0.13166667,0.01900000
0.96398425,0.13166667,0.01866667
0.96401203,0.13166667,0.01833333
0.96402985,0.13133333,0.01833333
0.96404374,0.13133333,0.01800000
0.96404481,0.13100000,0.01800000
0.96407354,0.13100000,0.01766667
0.96407443,0.13066667,0.01766667
0.96407759,0.13033333,0.01766667
0.96409041,0.13000000,0.01766667
0.96410465,0.12966667,0.01766667
0.96417165,0.12933333,0.01766667
0.96421349,0.12900000,0.01766667
0.96421558,0.12866667,0.01766667
0.96427619,0.12833333,0.01766667
0.96428955,0.12800000,0.01766667
0.96430963,0.12766667,0.01766667
0.96439123,0.12733333,0.01766667
0.96443182,0.12733333,0.01733333
0.96444118,0.12700000,0.01733333
0.96458638,0.12666667,0.01733333
0.96459109,0.12633333,0.01733333
0.96460831,0.12633333,0.01700000
0.96465862,0.12600000,0.01700000
0.96471608,0.12566667,0.01700000
0.96476066,0.12533333,0.01700000
0.96486795,0.12500000,0.01700000
0.96491981,0.12466667,0.01700000
0.96493101,0.12466667,0.01666667
0.96493542,0.12433333,0.01666667
0.96503830,0.12400000,0.01666667
0.96510327,0.12366667,0.01666667
0.96516281,0.12333333,0.01666667
0.96526885,0.12333333,0.01633333
0.96527344,0.12300000,0.01633333
0.96534187,0.12300000,0.01600000
0.96535408,0.12266667,0.01600000
0.96540189,0.12233333,0.01600000
0.96540606,0.12233333,0.01566667
0.96547288,0.12200000,0.01566667
0.96551371,0.12166667,0.01566667
0.96553415,0.12133333,0.01566667
0.96562195,0.12133333,0.01533333
0.96564245,0.12100000,0.01533333
0.96566927,0.12066667,0.01533333
0.96577364,0.12033333,0.01533333
0.96577907,0.12000000,0.01533333
0.96582496,0.11966667,0.01533333
0.96586943,0.11966667,0.01500000
0.96594703,0.11933333,0.01500000
0.96606159,0.11900000,0.01500000
0.96608949,0.11866667,0.01500000
0.96612477,0.11833333,0.01500000
0.96614337,0.11800000,0.01500000
0.96617734,0.11766667,0.01500000
0.96624297,0.11733333,0.01500000
0.96629190,0.11733333,0.01466667
0.96633142,0.11700000,0.01466667
0.96646547,0.11700000,0.01433333
0.96649474,0.11666667,0.01433333
0.96650684,0.11666667,0.01400000
0.96654654,0.11633333,0.01400000
0.96658909,0.11600000,0.01400000
0.96672016,0.11566667,0.01400000
0.96680433,0.11533333,0.01400000
0.96687901,0.11500000,0.01400000
0.96688950,0.11466667,0.01400000
0.96689653,0.11433333,0.01400000
0.96695393,0.11400000,0.01400000
0.96696711,0.11366667,0.01400000
0.96698803,0.11333333,0.01400000
0.96723419,0.11300000,0.01400000
0.96727806,0.11266667,0.01400000
0.96738154,0.11233333,0.01400000
0.96738362,0.11200000,0.01400000
0.96738881,0.11166667,0.01400000
0.96739209,0.11133333,0.01400000
0.96752304,0.11100000,0.01400000
0.96754169,0.11066667,0.01400000
0.96754527,0.11033333,0.01400000
0.96759951,0.11000000,0.01400000
0.96762455,0.10966667,0.01400000
0.96768892,0.10966667,0.01366667
0.96777058,0.10933333,0.01366667
0.96779543,0.10900000,0.01366667
0.96783412,0.10866667,0.01366667
0.96787167,0.10833333,0.01366667
0.96789539,0.10800000,0.01366667
0.96790248,0.10766667,0.01366667
0.96798658,0.10733333,0.01366667
0.96801949,0.10700000,0.01366667
0.96805143,0.10666667,0.01366667
0.96805799,0.10666667,0.01333333
0.96807098,0.10633333,0.01333333
0.96811551,0.10600000,0.01333333
0.96813893,0.10600000,0.01300000
0.96818125,0.10566667,0.01300000
0.96822250,0.10533333,0.01300000
0.96825147,0.10533333,0.01266667
0.96826220,0.10500000,0.01266667
0.96828318,0.10466667,0.01266667
0.96828973,0.10466667,0.01233333
0.96831584,0.10433333,0.01233333
0.96839249,0.10433333,0.01200000
0.96839893,0.10400000,0.01200000
0.96858460,0.10366667,0.01200000
0.96872342,0.10333333,0.01200000
0.96873987,0.10300000,0.01200000
0.96881819,0.10266667,0.01200000
0.96882015,0.10233333,0.01200000
0.96883327,0.10233333,0.01166667
0.96883440,0.10200000,0.01166667
0.96887338,0.10166667,0.01166667
0.96890157,0.10133333,0.01166667
0.96892816,0.10100000,0.01166667
0.96904409,0.10100000,0.01133333
0.96904725,0.10066667,0.01133333
0.96905231,0.10066667,0.01100000
0.96912503,0.10033333,0.01100000
0.96919262,0.10000000,0.01100000
0.96920073,0.09966667,0.01100000
0.96922612,0.09966667,0.01066667
0.96923387,0.09933333,0.01066667
0.96940476,0.09900000,0.01066667
0.96945077,0.09866667,0.01066667
0.96949178,0.09833333,0.01066667
0.96950603,0.09800000,0.01066667
0.96950758,0.09766667,0.01066667
0.96961963,0.09766667,0.01033333
0.96965015,0.09733333,0.01033333
0.96970451,0.09700000,0.01033333
0.96978223,0.09666667,0.01033333
0.96984696,0.09633333,0.01033333
0.96989316,0.09600000,0.01033333
0.96995991,0.09566667,0.01033333
0.96996552,0.09566667,0.01000000
0.97002780,0.09533333,0.01000000
0.97008610,0.09500000,0.01000000
0.97010595,0.09466667,0.01000000
0.97011846,0.09433333,0.01000000
0.97016138,0.09400000,0.01000000
0.97019273,0.09366667,0.01000000
0.97022521,0.09333333,0.01000000
0.97024328,0.09300000,0.01000000
0.97025061,0.09266667,0.01000000
0.97029936,0.09233333,0.01000000
0.97031724,0.09200000,0.01000000
0.97045457,0.09166667,0.01000000
0.97045916,0.09166667,0.00966667
0.97046959,0.09133333,0.00966667
0.97051501,0.09100000,0.00966667
0.97052437,0.09066667,0.00966667
0.97053266,0.09033333,0.00966667
0.97055817,0.09000000,0.00966667
0.97059900,0.08966667,0.00966667
0.97062320,0.08933333,0.00966667
0.97064555,0.08900000,0.00966667
0.97069275,0.08866667,0.00966667
0.97077060,0.08833333,0.00966667
0.97079444,0.08800000,0.00966667
0.97083735,0.08800000,0.00933333
0.97087002,0.08766667,0.00933333
0.97091639,0.08733333,0.00933333
0.97100610,0.08700000,0.00933333
0.97100884,0.08666667,0.00933333
0.97106242,0.08633333,0.00933333
0.97115731,0.08600000,0.00933333
0.97117662,0.08566667,0.00933333
0.97119474,0.08566667,0.00900000
0.97138017,0.08566667,0.00866667
0.97140640,0.08533333,0.00866667
0.97145599,0.08500000,0.00866667
0.97149032,0.08466667,0.00866667
0.97154009,0.08433333,0.00866667
0.97155643,0.08400000,0.00866667
0.97158360,0.08366667,0.00866667
0.97159827,0.08366667,0.00833333
0.97162378,0.08333333,0.00833333
0.97165382,0.08300000,0.00833333
0.97169363,0.08266667,0.00833333
0.97169775,0.08266667,0.00800000
0.97179496,0.08233333,0.00800000
0.97182834,0.08233333,0.00766667
0.97182882,0.08233333,0.00733333
0.97198319,0.08200000,0.00733333
0.97200090,0.08166667,0.00733333
0.97201252,0.08133333,0.00733333
0.97204643,0.08100000,0.00733333
0.97214675,0.08066667,0.00733333
0.97216946,0.08033333,0.00733333
0.97218096,0.08000000,0.00733333
0.97224379,0.07966667,0.00733333
0.97226405,0.07933333,0.00733333
0.97228670,0.07933333,0.00700000
0.97235024,0.07900000,0.00700000
0.97235608,0.07900000,0.00666667
0.97237098,0.07900000,0.00633333
0.97248495,0.07866667,0.00633333
0.97257149,0.07833333,0.00633333
0.97257531,0.07800000,0.00633333
0.97260892,0.07800000,0.00600000
0.97261351,0.07766667,0.00600000
0.97262514,0.07766667,0.00566667
0.97271180,0.07733333,0.00566667
0.97272557,0.07700000,0.00566667
0.97277188,0.07700000,0.00533333
0.97277552,0.07666667,0.00533333
0.97289091,0.07633333,0.00533333
0.97290456,0.07600000,0.00533333
0.97313166,0.07566667,0.00533333
0.97316122,0.07533333,0.00533333
0.97320300,0.07500000,0.00533333
0.97329473,0.07466667,0.00533333
0.97331774,0.07433333,0.00533333
0.97334588,0.07400000,0.00533333
0.97335553,0.07366667,0.00533333
0.97338510,0.07333333,0.00533333
0.97343230,0.07300000,0.00533333
0.97347283,0.07266667,0.00533333
0.97349179,0.07233333,0.00533333
0.97349775,0.07200000,0.00533333
0.97349811,0.07166667,0.00533333
0.97358859,0.07133333,0.00533333
0.97360408,0.07100000,0.00533333
0.97369683,0.07066667,0.00533333
0.97373033,0.07033333,0.00533333
0.97373950,0.07000000,0.00533333
0.97376090,0.06966667,0.00533333
0.97377068,0.06933333,0.00533333
0.97378433,0.06900000,0.00533333
0.97381979,0.06866667,0.00533333
0.97390032,0.06833333,0.00533333
0.97392929,0.06800000,0.00533333
0.97398210,0.06766667,0.00533333
0.97400486,0.06733333,0.00533333
0.97406316,0.06700000,0.00533333
0.97411942,0.06666667,0.00533333
0.97411978,0.06633333,0.00533333
0.97417235,0.06600000,0.00533333
0.97422981,0.06566667,0.00533333
0.97426194,0.06533333,0.00533333
0.97426707,0.06500000,0.00533333
0.97446609,0.06466667,0.00533333
0.97449756,0.06433333,0.00533333
0.97450185,0.06400000,0.00533333
0.97457373,0.06366667,0.00533333
0.97460783,0.06333333,0.00533333
0.97469282,0.06300000,0.00533333
0.97481036,0.06266667,0.00533333
0.97481775,0.06233333,0.00533333
0.97484863,0.06200000,0.00533333
0.97508085,0.06166667,0.00533333
0.97513628,0.06133333,0.00533333
0.97523576,0.06100000,0.00533333
0.97533637,0.06066667,0.00533333
0.97543490,0.06033333,0.00533333
0.97543621,0.06000000,0.00533333
0.97545922,0.05966667,0.00533333
0.97547221,0.05933333,0.00533333
0.97553468,0.05900000,0.00533333
0.97562242,0.05866667,0.00533333
0.97562271,0.05833333,0.00533333
0.97588480,0.05833333,0.00500000
0.97588778,0.05800000,0.00500000
0.97590834,0.05766667,0.00500000
0.97606546,0.05733333,0.00500000
0.97622752,0.05700000,0.00500000
0.97632110,0.05700000,0.00466667
0.97632998,0.05666667,0.00466667
0.97633535,0.05633333,0.00466667
0.97652793,0.05600000,0.00466667
0.97654617,0.05600000,0.00433333
0.97663426,0.05566667,0.00433333
0.97672188,0.05533333,0.00433333
0.97675532,0.05500000,0.00433333
0.97675550,0.05466667,0.00433333
0.97676075,0.05433333,0.00433333
0.97678155,0.05400000,0.00433333
0.97679853,0.05366667,0.00433333
0.97693557,0.05333333,0.00433333
0.97709155,0.05300000,0.00433333
0.97717351,0.05266667,0.00433333
0.97719967,0.05233333,0.00433333
0.97722632,0.05200000,0.00433333
0.97723091,0.05166667,0.00433333
0.97724879,0.05133333,0.00433333
0.97727764,0.05100000,0.00433333
0.97736382,0.05066667,0.00433333
0.97739309,0.05033333,0.00433333
0.97747415,0.05000000,0.00433333
0.97747481,0.04966667,0.00433333
0.97751343,0.04933333,0.00433333
0.97752154,0.04900000,0.00433333
0.97772294,0.04900000,0.00400000
0.97775710,0.04866667,0.00400000
0.97784257,0.04833333,0.00400000
0.97788304,0.04800000,0.00400000
0.97791559,0.04766667,0.00400000
0.97798175,0.04733333,0.00400000
0.97801030,0.04700000,0.00400000
0.97812366,0.04666667,0.00400000
0.97814178,0.04633333,0.00400000
0.97815192,0.04600000,0.00400000
0.97820520,0.04566667,0.00400000
0.97825420,0.04533333,0.00400000
0.97827846,0.04533333,0.00366667
0.97831458,0.04500000,0.00366667
0.97832394,0.04500000,0.00333333
0.97832918,0.04466667,0.00333333
0.97835732,0.04466667,0.00300000
0.97837991,0.04433333,0.00300000
0.97851741,0.04400000,0.00300000
0.97853374,0.04366667,0.00300000
0.97858429,0.04333333,0.00300000
0.97858518,0.04333333,0.00266667
0.97859156,0.04300000,0.00266667
0.97859657,0.04266667,0.00266667
0.97861713,0.04266667,0.00233333
0.97868395,0.04233333,0.00233333
0.97870505,0.04200000,0.00233333
0.97872359,0.04166667,0.00233333
0.97876710,0.04133333,0.00233333
0.97879165,0.04100000,0.00233333
0.97889954,0.04066667,0.00233333
0.97894543,0.04033333,0.00233333
0.97924662,0.04000000,0.00233333
0.97925603,0.03966667,0.00233333
0.97935772,0.03933333,0.00233333
0.97950566,0.03900000,0.00233333
0.97952545,0.03866667,0.00233333
0.97953027,0.03833333,0.00233333
0.97957182,0.03800000,0.00233333
0.97965050,0.03766667,0.00233333
0.97972596,0.03733333,0.00233333
0.97989178,0.03700000,0.00233333
0.98006678,0.03666667,0.00233333
0.98008162,0.03633333,0.00233333
0.98009074,0.03600000,0.00233333
0.98014462,0.03566667,0.00233333
0.98024178,0.03533333,0.00233333
0.98027813,0.03500000,0.00233333
0.98037332,0.03466667,0.00233333
0.98039514,0.03433333,0.00233333
0.98042607,0.03400000,0.00233333
0.98055249,0.03400000,0.00200000
0.98055547,0.03366667,0.00200000
0.98072362,0.03333333,0.00200000
0.98073608,0.03333333,0.00166667
0.98087412,0.03300000,0.00166667
0.98101062,0.03266667,0.00166667
0.98103487,0.03266667,0.00133333
0.98106992,0.03233333,0.00133333
0.98116696,0.03233333,0.00100000
0.98123169,0.03200000,0.00100000
0.98138964,0.03166667,0.00100000
0.98151362,0.03133333,0.00100000
0.98152399,0.03100000,0.00100000
0.98201567,0.03066667,0.00100000
0.98203802,0.03033333,0.00100000
0.98211843,0.03000000,0.00100000
0.98221731,0.02966667,0.00100000
0.98234910,0.02933333,0.00100000
0.98237312,0.02900000,0.00100000
0.98240280,0.02866667,0.00100000
0.98242468,0.02866667,0.00066667
0.98243761,0.02833333,0.00066667
0.98243999,0.02800000,0.00066667
0.98249644,0.02766667,0.00066667
0.98272240,0.02766667,0.00033333
0.98286641,0.02733333,0.00033333
0.98289025,0.02700000,0.00033333
0.98297441,0.02666667,0.00033333
0.98301947,0.02633333,0.00033333
0.98305786,0.02600000,0.00033333
0.98309135,0.02566667,0.00033333
0.98328876,0.02533333,0.00033333
0.98329437,0.02500000,0.00033333
0.98331839,0.02466667,0.00033333
0.98336643,0.02433333,0.00033333
0.98357576,0.02400000,0.00033333
0.98364466,0.02366667,0.00033333
0.98373055,0.02333333,0.00033333
0.98384392,0.02300000,0.00033333
0.98387372,0.02266667,0.00033333
0.98392487,0.02233333,0.00033333
0.98394656,0.02200000,0.00033333
0.98399079,0.02166667,0.00033333
0.98404145,0.02133333,0.00033333
0.98406494,0.02100000,0.00033333
0.98407471,0.02066667,0.00033333
0.98418850,0.02033333,0.00033333
0.98432970,0.02000000,0.00033333
0.98437262,0.01966667,0.00033333
0.98438078,0.01933333,0.00033333
0.98472714,0.01900000,0.00033333
0.98473448,0.01866667,0.00033333
0.98500562,0.01833333,0.00033333
0.98502219,0.01800000,0.00033333
0.98513794,0.01766667,0.00033333
0.98515862,0.01733333,0.00033333
0.98534584,0.01700000,0.00033333
0.98538160,0.01666667,0.00033333
0.98542273,0.01633333,0.00033333
0.98543477,0.01600000,0.00033333
0.98545474,0.01566667,0.00033333
0.98572397,0.01533333,0.00033333
0.98573065,0.01500000,0.00033333
0.98573875,0.01466667,0.00033333
0.98615205,0.01433333,0.00033333
0.98615789,0.01400000,0.00033333
0.98616207,0.01366667,0.00033333
0.98622054,0.01333333,0.00033333
0.98633170,0.01300000,0.00033333
0.98636568,0.01266667,0.00033333
0.98653901,0.01233333,0.00033333
0.98671019,0.01200000,0.00033333
0.98694456,0.01166667,0.00033333
0.98700738,0.01133333,0.00033333
0.98702574,0.01100000,0.00033333
0.98712516,0.01066667,0.00033333
0.98718977,0.01033333,0.00033333
0.98738247,0.01000000,0.00033333
0.98739898,0.00966667,0.00033333
0.98742443,0.00933333,0.00033333
0.98749733,0.00900000,0.00033333
0.98758960,0.00866667,0.00033333
0.98761433,0.00833333,0.00033333
0.98780370,0.00833333,0.00000000
0.98792446,0.00800000,0.00000000
0.98809099,0.00766667,0.00000000
0.98828816,0.00733333,0.00000000
0.98841369,0.00700000,0.00000000
0.98858368,0.00666667,0.00000000
0.98864436,0.00633333,0.00000000
0.98867333,0.00600000,0.00000000
0.98868364,0.00566667,0.00000000
0.98895454,0.00533333,0.00000000
0.98895985,0.00500000,0.00000000
0.98919082,0.00466667,0.00000000
0.98934603,0.00433333,0.00000000
0.98966920,0.00400000,0.00000000
0.98985100,0.00366667,0.00000000
0.99001765,0.00333333,0.00000000
0.99024057,0.00300000,0.00000000
0.99047017,0.00266667,0.00000000
0.99086142,0.00233333,0.00000000
0.99095935,0.00200000,0.00000000
0.99184048,0.00166667,0.00000000
0.99248254,0.00133333,0.00000000
0.99283677,0.00100000,0.00000000
0.99521697,0.00066667,0.00000000
0.99724543,0.00033333,0.00000000
